,age,Medu,Fedu,traveltime,studytime,failures,famrel,freetime,goout,Dalc,Walc,health,absences,G1,G2,school_MS,sex_M,address_U,famsize_LE3,Pstatus_T,Mjob_health,Mjob_other,Mjob_services,Mjob_teacher,Fjob_health,Fjob_other,Fjob_services,Fjob_teacher,reason_home,reason_other,reason_reputation,guardian_mother,guardian_other,schoolsup_yes,famsup_yes,paid_yes,activities_yes,nursery_yes,higher_yes,internet_yes,romantic_yes
181,-0.586396049095575,0.24643711951158404,0.4232073695151592,-0.6257786477574638,-0.056852860762953525,-0.4567438314745458,0.06443216805010606,-1.1959809627649785,-0.14439598611606974,-0.55443033476619,-0.2664957020905108,-0.36847327545012465,-0.5726231024871813,0.3320503251575543,0.6261632359988276,0.0,1.0,1.0,0.0,1.0,0.0,0.0,1.0,0.0,0.0,1.0,0.0,0.0,1.0,0.0,0.0,1.0,0.0,0.0,0.0,1.0,1.0,1.0,1.0,1.0,1.0
194,-0.586396049095575,-0.6806358538891365,0.4232073695151592,0.8282364455613489,-1.2545531275025126,-0.4567438314745458,1.1955746738186372,-0.21434464007995704,-0.14439598611606974,-0.55443033476619,-1.0390887466831842,-0.36847327545012465,-0.9286815448050668,0.643409087026359,0.8928311370441505,0.0,1.0,1.0,0.0,1.0,0.0,1.0,0.0,0.0,0.0,1.0,0.0,0.0,1.0,0.0,0.0,0.0,0.0,0.0,0.0,0.0,0.0,1.0,1.0,1.0,0.0
173,-0.586396049095575,-1.607708827289857,0.4232073695151592,-0.6257786477574638,-0.056852860762953525,3.6280972273732788,0.06443216805010606,-0.21434464007995704,1.6449817241850302,-0.55443033476619,-1.0390887466831842,-0.36847327545012465,-0.9286815448050668,-0.9133847223176643,-0.9738441702731098,0.0,0.0,1.0,0.0,1.0,0.0,0.0,0.0,0.0,0.0,0.0,1.0,0.0,1.0,0.0,0.0,1.0,0.0,0.0,0.0,0.0,1.0,0.0,1.0,1.0,1.0
63,-0.586396049095575,1.1735100929123046,0.4232073695151592,-0.6257786477574638,1.1408474059766056,-0.4567438314745458,-1.0667103377184253,0.7672916826050644,0.7502928690344802,0.55443033476619,1.278690387094836,0.3415118162708471,-0.5726231024871813,-0.290667198580055,-0.44050836818246397,0.0,0.0,1.0,0.0,1.0,0.0,0.0,0.0,1.0,1.0,0.0,0.0,0.0,1.0,0.0,0.0,1.0,0.0,1.0,1.0,1.0,1.0,1.0,1.0,1.0,0.0
253,-0.586396049095575,-0.6806358538891365,-1.4342027522458163,0.8282364455613489,-1.2545531275025126,-0.4567438314745458,-1.0667103377184253,-0.21434464007995704,-1.0390848412666196,-0.55443033476619,0.5060973425021627,-0.36847327545012465,-0.9286815448050668,-0.9133847223176643,-0.44050836818246397,0.0,1.0,0.0,0.0,1.0,0.0,1.0,0.0,0.0,0.0,1.0,0.0,0.0,0.0,0.0,0.0,1.0,0.0,0.0,0.0,0.0,1.0,0.0,1.0,0.0,0.0
225,0.9906350276210333,0.24643711951158404,-1.4342027522458163,-0.6257786477574638,-0.056852860762953525,0.9048698548080624,1.1955746738186372,-0.21434464007995704,-0.14439598611606974,-0.55443033476619,-1.0390887466831842,0.3415118162708471,1.9197859937380173,-0.6020259604488597,-0.7071762692277869,0.0,0.0,0.0,0.0,1.0,0.0,1.0,0.0,0.0,0.0,1.0,0.0,0.0,0.0,0.0,1.0,1.0,0.0,0.0,0.0,0.0,1.0,1.0,1.0,1.0,1.0
331,0.20211948926272919,-0.6806358538891365,1.351912430395647,-0.6257786477574638,1.1408474059766056,-0.4567438314745458,0.06443216805010606,0.7672916826050644,-0.14439598611606974,-0.55443033476619,-1.0390887466831842,1.0514969079918188,0.3175230033075325,0.3320503251575543,0.8928311370441505,0.0,0.0,0.0,0.0,1.0,0.0,0.0,0.0,0.0,0.0,1.0,0.0,0.0,0.0,0.0,0.0,0.0,0.0,0.0,1.0,0.0,0.0,1.0,1.0,1.0,1.0
383,1.7791505659793374,-1.607708827289857,-1.4342027522458163,0.8282364455613489,-1.2545531275025126,0.9048698548080624,0.06443216805010606,-0.21434464007995704,-1.0390848412666196,-0.55443033476619,0.5060973425021627,1.0514969079918188,-0.9286815448050668,-1.5361022460552736,-1.5071799723637556,1.0,1.0,0.0,0.0,1.0,0.0,1.0,0.0,0.0,0.0,0.0,1.0,0.0,0.0,1.0,0.0,1.0,0.0,0.0,0.0,0.0,0.0,1.0,1.0,0.0,0.0
227,0.20211948926272919,-0.6806358538891365,0.4232073695151592,-0.6257786477574638,-0.056852860762953525,-0.4567438314745458,1.1955746738186372,-0.21434464007995704,-0.14439598611606974,-0.55443033476619,0.5060973425021627,-0.36847327545012465,-0.5726231024871813,0.3320503251575543,0.09282743390818181,0.0,1.0,1.0,1.0,1.0,0.0,0.0,1.0,0.0,0.0,0.0,1.0,0.0,0.0,0.0,1.0,0.0,0.0,0.0,1.0,1.0,0.0,0.0,1.0,1.0,0.0
342,0.9906350276210333,0.24643711951158404,1.351912430395647,-0.6257786477574638,-0.056852860762953525,-0.4567438314745458,0.06443216805010606,-0.21434464007995704,-0.14439598611606974,-0.55443033476619,0.5060973425021627,1.0514969079918188,1.0296398879433035,1.5774853726327729,1.1594990380894734,0.0,1.0,1.0,1.0,1.0,0.0,0.0,1.0,0.0,0.0,1.0,0.0,0.0,1.0,0.0,0.0,1.0,0.0,0.0,0.0,0.0,1.0,1.0,1.0,1.0,1.0
131,-1.374911587453879,-1.607708827289857,-1.4342027522458163,2.2822515388801614,-1.2545531275025126,-0.4567438314745458,0.06443216805010606,-0.21434464007995704,-0.14439598611606974,-0.55443033476619,-0.2664957020905108,0.3415118162708471,-0.9286815448050668,-0.9133847223176643,-2.84051947759037,0.0,0.0,1.0,0.0,1.0,0.0,0.0,0.0,0.0,0.0,1.0,0.0,0.0,0.0,0.0,0.0,1.0,0.0,0.0,1.0,0.0,1.0,0.0,1.0,1.0,1.0
320,0.20211948926272919,1.1735100929123046,0.4232073695151592,-0.6257786477574638,-0.056852860762953525,-0.4567438314745458,1.1955746738186372,-1.1959809627649785,-1.0390848412666196,-0.55443033476619,-0.2664957020905108,1.0514969079918188,2.3292532024035775,0.643409087026359,0.6261632359988276,0.0,0.0,1.0,0.0,0.0,0.0,0.0,1.0,0.0,0.0,0.0,1.0,0.0,0.0,0.0,0.0,1.0,0.0,0.0,1.0,1.0,0.0,1.0,1.0,1.0,1.0
175,0.20211948926272919,1.1735100929123046,0.4232073695151592,0.8282364455613489,-0.056852860762953525,-0.4567438314745458,0.06443216805010606,0.7672916826050644,0.7502928690344802,2.7721516738309497,1.278690387094836,0.3415118162708471,-0.21656466016929576,-0.290667198580055,-0.44050836818246397,0.0,1.0,1.0,1.0,1.0,0.0,0.0,0.0,1.0,0.0,1.0,0.0,0.0,0.0,0.0,0.0,1.0,0.0,0.0,0.0,1.0,1.0,1.0,1.0,1.0,0.0
238,0.20211948926272919,-0.6806358538891365,-1.4342027522458163,2.2822515388801614,-0.056852860762953525,-0.4567438314745458,-2.1978528434869564,-2.1776172854499998,-1.9337736964171697,-0.55443033476619,-1.0390887466831842,-0.36847327545012465,-0.5726231024871813,0.643409087026359,0.09282743390818181,0.0,0.0,0.0,0.0,1.0,0.0,0.0,0.0,0.0,0.0,0.0,1.0,0.0,0.0,0.0,0.0,1.0,0.0,0.0,0.0,0.0,1.0,1.0,1.0,0.0,0.0
368,0.9906350276210333,-0.6806358538891365,0.4232073695151592,0.8282364455613489,-1.2545531275025126,-0.4567438314745458,1.1955746738186372,-1.1959809627649785,-0.14439598611606974,-0.55443033476619,-0.2664957020905108,0.3415118162708471,-0.9286815448050668,0.02069156328874965,-0.1738404671371411,1.0,0.0,1.0,0.0,1.0,0.0,0.0,0.0,0.0,0.0,0.0,1.0,0.0,0.0,0.0,0.0,0.0,0.0,0.0,1.0,1.0,0.0,1.0,1.0,1.0,1.0
367,0.20211948926272919,-1.607708827289857,-1.4342027522458163,2.2822515388801614,-1.2545531275025126,0.9048698548080624,1.1955746738186372,-1.1959809627649785,-1.9337736964171697,-0.55443033476619,-0.2664957020905108,-1.7884434588920681,-0.9286815448050668,-1.224743484186469,-1.2405120713184326,1.0,0.0,0.0,0.0,1.0,0.0,1.0,0.0,0.0,0.0,0.0,1.0,0.0,0.0,0.0,1.0,1.0,0.0,0.0,1.0,1.0,0.0,1.0,1.0,1.0,1.0
210,1.7791505659793374,0.24643711951158404,0.4232073695151592,-0.6257786477574638,2.3385476727161647,-0.4567438314745458,0.06443216805010606,-0.21434464007995704,-0.14439598611606974,-0.55443033476619,-0.2664957020905108,-0.36847327545012465,0.8516106667843608,-0.9133847223176643,-0.7071762692277869,0.0,0.0,1.0,0.0,1.0,0.0,1.0,0.0,0.0,0.0,1.0,0.0,0.0,0.0,0.0,1.0,0.0,1.0,0.0,1.0,1.0,1.0,1.0,1.0,1.0,0.0
75,-1.374911587453879,1.1735100929123046,0.4232073695151592,-0.6257786477574638,-0.056852860762953525,-0.4567438314745458,0.06443216805010606,-0.21434464007995704,-0.14439598611606974,0.55443033476619,0.5060973425021627,1.0514969079918188,0.13949378214858976,-0.6020259604488597,-0.44050836818246397,0.0,1.0,1.0,0.0,1.0,0.0,0.0,0.0,1.0,0.0,1.0,0.0,0.0,1.0,0.0,0.0,1.0,0.0,0.0,1.0,1.0,1.0,1.0,1.0,1.0,0.0
104,-1.374911587453879,0.24643711951158404,1.351912430395647,-0.6257786477574638,-0.056852860762953525,-0.4567438314745458,1.1955746738186372,0.7672916826050644,0.7502928690344802,-0.55443033476619,-1.0390887466831842,-1.7884434588920681,-0.9286815448050668,1.5774853726327729,1.959502741225442,0.0,1.0,1.0,0.0,0.0,0.0,0.0,1.0,0.0,0.0,1.0,0.0,0.0,0.0,0.0,0.0,1.0,0.0,0.0,1.0,1.0,1.0,1.0,1.0,1.0,0.0
374,0.9906350276210333,1.1735100929123046,1.351912430395647,0.8282364455613489,1.1408474059766056,-0.4567438314745458,1.1955746738186372,0.7672916826050644,0.7502928690344802,-0.55443033476619,-1.0390887466831842,-1.7884434588920681,-0.9286815448050668,2.511561658239187,1.959502741225442,1.0,0.0,0.0,1.0,1.0,0.0,1.0,0.0,0.0,0.0,1.0,0.0,0.0,0.0,0.0,1.0,1.0,0.0,0.0,0.0,0.0,0.0,1.0,1.0,1.0,0.0
16,-0.586396049095575,1.1735100929123046,1.351912430395647,-0.6257786477574638,1.1408474059766056,-0.4567438314745458,-1.0667103377184253,-1.1959809627649785,-0.14439598611606974,-0.55443033476619,-0.2664957020905108,-1.0784583671710963,0.13949378214858976,0.643409087026359,0.8928311370441505,0.0,0.0,1.0,0.0,1.0,0.0,0.0,1.0,0.0,0.0,0.0,1.0,0.0,0.0,0.0,1.0,1.0,0.0,0.0,1.0,1.0,1.0,1.0,1.0,1.0,0.0
66,-1.374911587453879,1.1735100929123046,1.351912430395647,-0.6257786477574638,2.3385476727161647,-0.4567438314745458,-3.3289953492554876,-0.21434464007995704,-0.14439598611606974,3.8810123433633295,2.0512834316875095,-0.36847327545012465,-0.21656466016929576,0.643409087026359,0.6261632359988276,0.0,1.0,1.0,0.0,0.0,0.0,1.0,0.0,0.0,0.0,0.0,1.0,0.0,0.0,0.0,1.0,1.0,0.0,0.0,1.0,0.0,1.0,0.0,1.0,1.0,1.0
211,0.20211948926272919,1.1735100929123046,1.351912430395647,-0.6257786477574638,-0.056852860762953525,-0.4567438314745458,1.1955746738186372,-0.21434464007995704,1.6449817241850302,2.7721516738309497,2.0512834316875095,-0.36847327545012465,1.3856983302611892,0.3320503251575543,0.3594953349535047,0.0,1.0,1.0,1.0,1.0,0.0,0.0,1.0,0.0,0.0,1.0,0.0,0.0,1.0,0.0,0.0,1.0,0.0,0.0,1.0,1.0,0.0,1.0,1.0,1.0,1.0
7,0.20211948926272919,1.1735100929123046,1.351912430395647,0.8282364455613489,-0.056852860762953525,-0.4567438314745458,0.06443216805010606,-2.1776172854499998,0.7502928690344802,-0.55443033476619,-1.0390887466831842,-1.7884434588920681,0.13949378214858976,-1.5361022460552736,-1.5071799723637556,0.0,0.0,1.0,0.0,0.0,0.0,1.0,0.0,0.0,0.0,0.0,0.0,1.0,1.0,0.0,0.0,1.0,0.0,1.0,1.0,0.0,0.0,1.0,1.0,0.0,0.0
19,-0.586396049095575,1.1735100929123046,0.4232073695151592,-0.6257786477574638,-1.2545531275025126,-0.4567438314745458,-1.0667103377184253,-2.1776172854499998,-0.14439598611606974,-0.55443033476619,0.5060973425021627,1.0514969079918188,-0.21656466016929576,-0.9133847223176643,-0.1738404671371411,0.0,1.0,1.0,1.0,1.0,1.0,0.0,0.0,0.0,0.0,1.0,0.0,0.0,1.0,0.0,0.0,0.0,0.0,0.0,0.0,1.0,1.0,1.0,1.0,1.0,0.0
301,0.20211948926272919,1.1735100929123046,1.351912430395647,0.8282364455613489,-1.2545531275025126,-0.4567438314745458,0.06443216805010606,-2.1776172854499998,-1.9337736964171697,0.55443033476619,-0.2664957020905108,1.0514969079918188,-0.9286815448050668,0.02069156328874965,0.09282743390818181,0.0,1.0,1.0,1.0,1.0,0.0,1.0,0.0,0.0,0.0,0.0,0.0,1.0,1.0,0.0,0.0,0.0,0.0,0.0,0.0,1.0,0.0,1.0,1.0,1.0,0.0
350,1.7791505659793374,-1.607708827289857,-1.4342027522458163,2.2822515388801614,-0.056852860762953525,3.6280972273732788,1.1955746738186372,0.7672916826050644,0.7502928690344802,1.6632910042985698,0.5060973425021627,-1.0784583671710963,0.4955522244664753,-0.9133847223176643,-0.9738441702731098,1.0,1.0,0.0,0.0,1.0,0.0,1.0,0.0,0.0,0.0,0.0,1.0,0.0,1.0,0.0,0.0,0.0,1.0,0.0,0.0,0.0,0.0,1.0,1.0,1.0,0.0
365,0.9906350276210333,-1.607708827289857,0.4232073695151592,0.8282364455613489,-0.056852860762953525,-0.4567438314745458,-1.0667103377184253,-0.21434464007995704,0.7502928690344802,0.55443033476619,1.278690387094836,-0.36847327545012465,-0.21656466016929576,-0.290667198580055,-0.1738404671371411,1.0,1.0,0.0,0.0,1.0,0.0,0.0,0.0,0.0,0.0,1.0,0.0,0.0,0.0,0.0,0.0,1.0,0.0,0.0,1.0,1.0,0.0,1.0,1.0,0.0,0.0
118,0.20211948926272919,-1.607708827289857,0.4232073695151592,2.2822515388801614,-0.056852860762953525,0.9048698548080624,1.1955746738186372,-1.1959809627649785,0.7502928690344802,-0.55443033476619,1.278690387094836,1.0514969079918188,2.3292532024035775,-0.6020259604488597,-0.9738441702731098,0.0,1.0,0.0,0.0,1.0,0.0,1.0,0.0,0.0,0.0,1.0,0.0,0.0,0.0,0.0,0.0,0.0,0.0,0.0,1.0,0.0,1.0,1.0,1.0,1.0,0.0
321,0.20211948926272919,-0.6806358538891365,-0.5054976913653286,-0.6257786477574638,-0.056852860762953525,-0.4567438314745458,0.06443216805010606,-1.1959809627649785,-1.0390848412666196,-0.55443033476619,-1.0390887466831842,-0.36847327545012465,1.2076691091022465,0.02069156328874965,-0.44050836818246397,0.0,0.0,1.0,0.0,1.0,0.0,1.0,0.0,0.0,0.0,1.0,0.0,0.0,0.0,0.0,0.0,1.0,0.0,0.0,1.0,0.0,0.0,1.0,1.0,0.0,1.0
296,1.7791505659793374,1.1735100929123046,1.351912430395647,0.8282364455613489,-0.056852860762953525,-0.4567438314745458,-2.1978528434869564,-0.21434464007995704,0.7502928690344802,0.55443033476619,0.5060973425021627,-1.0784583671710963,-0.9286815448050668,-0.290667198580055,-0.44050836818246397,0.0,0.0,1.0,0.0,1.0,1.0,0.0,0.0,0.0,0.0,1.0,0.0,0.0,0.0,0.0,1.0,0.0,1.0,0.0,1.0,1.0,1.0,1.0,1.0,1.0,0.0
381,0.9906350276210333,-0.6806358538891365,-1.4342027522458163,0.8282364455613489,-1.2545531275025126,-0.4567438314745458,0.06443216805010606,0.7672916826050644,-0.14439598611606974,-0.55443033476619,0.5060973425021627,1.0514969079918188,-0.03853543901035301,-1.224743484186469,-1.2405120713184326,1.0,1.0,0.0,0.0,1.0,0.0,1.0,0.0,0.0,0.0,1.0,0.0,0.0,0.0,1.0,0.0,1.0,0.0,0.0,0.0,0.0,1.0,0.0,1.0,1.0,1.0
373,0.20211948926272919,-1.607708827289857,-0.5054976913653286,-0.6257786477574638,-1.2545531275025126,-0.4567438314745458,-1.0667103377184253,1.7489280052900857,1.6449817241850302,-0.55443033476619,0.5060973425021627,-1.7884434588920681,1.5637275514201319,-1.5361022460552736,-1.5071799723637556,1.0,0.0,0.0,0.0,1.0,0.0,1.0,0.0,0.0,0.0,1.0,0.0,0.0,0.0,0.0,0.0,1.0,0.0,0.0,0.0,0.0,1.0,1.0,1.0,1.0,0.0
60,-0.586396049095575,1.1735100929123046,1.351912430395647,-0.6257786477574638,-0.056852860762953525,-0.4567438314745458,-2.1978528434869564,0.7672916826050644,0.7502928690344802,0.55443033476619,0.5060973425021627,0.3415118162708471,0.13949378214858976,-0.290667198580055,0.09282743390818181,0.0,0.0,0.0,0.0,1.0,1.0,0.0,0.0,0.0,0.0,0.0,0.0,1.0,0.0,1.0,0.0,1.0,0.0,0.0,1.0,0.0,1.0,1.0,1.0,0.0,0.0
79,-0.586396049095575,0.24643711951158404,1.351912430395647,-0.6257786477574638,-0.056852860762953525,-0.4567438314745458,-2.1978528434869564,0.7672916826050644,-0.14439598611606974,-0.55443033476619,-0.2664957020905108,-0.36847327545012465,1.2076691091022465,-1.8474610079240783,-1.5071799723637556,0.0,0.0,1.0,0.0,1.0,0.0,0.0,0.0,0.0,0.0,1.0,0.0,0.0,0.0,0.0,0.0,1.0,0.0,0.0,1.0,0.0,0.0,1.0,1.0,1.0,0.0
281,0.20211948926272919,0.24643711951158404,-0.5054976913653286,-0.6257786477574638,-1.2545531275025126,0.9048698548080624,0.06443216805010606,0.7672916826050644,0.7502928690344802,1.6632910042985698,1.278690387094836,-0.36847327545012465,2.3292532024035775,0.02069156328874965,-0.44050836818246397,0.0,1.0,1.0,1.0,0.0,0.0,0.0,0.0,1.0,0.0,0.0,1.0,0.0,1.0,0.0,0.0,1.0,0.0,0.0,0.0,0.0,0.0,1.0,1.0,1.0,0.0
245,-0.586396049095575,-0.6806358538891365,-1.4342027522458163,2.2822515388801614,-1.2545531275025126,-0.4567438314745458,0.06443216805010606,-0.21434464007995704,-0.14439598611606974,-0.55443033476619,-1.0390887466831842,0.3415118162708471,0.13949378214858976,2.2002028963703824,1.959502741225442,0.0,1.0,1.0,0.0,1.0,0.0,1.0,0.0,0.0,0.0,1.0,0.0,0.0,0.0,0.0,0.0,1.0,0.0,0.0,0.0,0.0,0.0,1.0,1.0,1.0,0.0
250,0.9906350276210333,0.24643711951158404,-0.5054976913653286,0.8282364455613489,-1.2545531275025126,0.9048698548080624,0.06443216805010606,0.7672916826050644,1.6449817241850302,0.55443033476619,1.278690387094836,1.0514969079918188,-0.9286815448050668,-1.5361022460552736,-0.7071762692277869,0.0,1.0,1.0,0.0,1.0,0.0,0.0,1.0,0.0,0.0,1.0,0.0,0.0,0.0,0.0,0.0,1.0,0.0,0.0,0.0,0.0,0.0,1.0,0.0,1.0,0.0
218,0.20211948926272919,-0.6806358538891365,0.4232073695151592,0.8282364455613489,-1.2545531275025126,-0.4567438314745458,-1.0667103377184253,-0.21434464007995704,-0.14439598611606974,-0.55443033476619,1.278690387094836,-0.36847327545012465,-0.3945938813282385,-1.224743484186469,-0.9738441702731098,0.0,0.0,1.0,0.0,1.0,0.0,0.0,0.0,0.0,0.0,1.0,0.0,0.0,1.0,0.0,0.0,0.0,0.0,0.0,1.0,1.0,0.0,1.0,1.0,0.0,0.0
109,-0.586396049095575,1.1735100929123046,1.351912430395647,-0.6257786477574638,1.1408474059766056,-0.4567438314745458,1.1955746738186372,0.7672916826050644,1.6449817241850302,-0.55443033476619,-1.0390887466831842,0.3415118162708471,-0.21656466016929576,0.9547678488951636,1.1594990380894734,0.0,0.0,1.0,1.0,1.0,1.0,0.0,0.0,0.0,1.0,0.0,0.0,0.0,0.0,1.0,0.0,1.0,0.0,0.0,1.0,1.0,1.0,1.0,1.0,1.0,1.0
17,-0.586396049095575,0.24643711951158404,0.4232073695151592,2.2822515388801614,-0.056852860762953525,-0.4567438314745458,1.1955746738186372,-0.21434464007995704,-1.0390848412666196,-0.55443033476619,-1.0390887466831842,0.3415118162708471,-0.21656466016929576,-0.9133847223176643,-0.1738404671371411,0.0,0.0,1.0,0.0,1.0,0.0,1.0,0.0,0.0,0.0,1.0,0.0,0.0,0.0,0.0,1.0,1.0,0.0,1.0,1.0,0.0,1.0,1.0,1.0,0.0,0.0
165,-0.586396049095575,0.24643711951158404,-0.5054976913653286,0.8282364455613489,-1.2545531275025126,0.9048698548080624,0.06443216805010606,1.7489280052900857,-1.0390848412666196,-0.55443033476619,-1.0390887466831842,-1.0784583671710963,1.9197859937380173,0.3320503251575543,0.09282743390818181,0.0,1.0,1.0,0.0,1.0,0.0,0.0,1.0,0.0,0.0,0.0,1.0,0.0,0.0,0.0,0.0,1.0,0.0,0.0,1.0,0.0,1.0,0.0,0.0,0.0,0.0
24,-1.374911587453879,-0.6806358538891365,1.351912430395647,-0.6257786477574638,1.1408474059766056,-0.4567438314745458,0.06443216805010606,-0.21434464007995704,-1.0390848412666196,-0.55443033476619,-1.0390887466831842,1.0514969079918188,-0.5726231024871813,-0.290667198580055,-0.44050836818246397,0.0,0.0,0.0,0.0,1.0,0.0,0.0,1.0,0.0,1.0,0.0,0.0,0.0,0.0,0.0,0.0,1.0,0.0,1.0,1.0,1.0,1.0,1.0,1.0,1.0,0.0
126,-1.374911587453879,0.24643711951158404,1.351912430395647,-0.6257786477574638,-0.056852860762953525,-0.4567438314745458,1.1955746738186372,-0.21434464007995704,-1.0390848412666196,-0.55443033476619,-1.0390887466831842,-1.7884434588920681,-0.9286815448050668,-1.224743484186469,-0.1738404671371411,0.0,0.0,1.0,1.0,0.0,0.0,1.0,0.0,0.0,0.0,1.0,0.0,0.0,1.0,0.0,0.0,1.0,0.0,1.0,0.0,0.0,1.0,1.0,1.0,1.0,1.0
346,0.9906350276210333,1.1735100929123046,0.4232073695151592,-0.6257786477574638,1.1408474059766056,-0.4567438314745458,1.1955746738186372,-0.21434464007995704,-1.0390848412666196,-0.55443033476619,-0.2664957020905108,0.3415118162708471,0.6735814456254181,1.5774853726327729,1.1594990380894734,0.0,1.0,0.0,0.0,1.0,0.0,0.0,0.0,1.0,0.0,0.0,1.0,0.0,0.0,0.0,0.0,1.0,0.0,0.0,0.0,0.0,0.0,1.0,1.0,1.0,1.0
176,-0.586396049095575,-0.6806358538891365,-0.5054976913653286,0.8282364455613489,-0.056852860762953525,-0.4567438314745458,-1.0667103377184253,0.7672916826050644,0.7502928690344802,-0.55443033476619,1.278690387094836,1.0514969079918188,-0.5726231024871813,0.643409087026359,0.6261632359988276,0.0,0.0,1.0,0.0,1.0,0.0,0.0,1.0,0.0,0.0,1.0,0.0,0.0,0.0,0.0,1.0,1.0,0.0,0.0,0.0,1.0,1.0,0.0,1.0,1.0,0.0
275,0.20211948926272919,-0.6806358538891365,-0.5054976913653286,0.8282364455613489,-0.056852860762953525,-0.4567438314745458,0.06443216805010606,0.7672916826050644,0.7502928690344802,0.55443033476619,0.5060973425021627,1.0514969079918188,0.13949378214858976,0.3320503251575543,0.3594953349535047,0.0,0.0,1.0,1.0,1.0,0.0,0.0,1.0,0.0,0.0,1.0,0.0,0.0,0.0,0.0,0.0,1.0,0.0,1.0,1.0,1.0,0.0,1.0,1.0,1.0,1.0
246,0.20211948926272919,-0.6806358538891365,0.4232073695151592,0.8282364455613489,-1.2545531275025126,-0.4567438314745458,1.1955746738186372,-1.1959809627649785,-1.0390848412666196,-0.55443033476619,-1.0390887466831842,-1.0784583671710963,-0.21656466016929576,0.3320503251575543,0.3594953349535047,0.0,1.0,1.0,0.0,1.0,0.0,1.0,0.0,0.0,0.0,1.0,0.0,0.0,0.0,0.0,0.0,0.0,0.0,0.0,0.0,0.0,0.0,1.0,1.0,1.0,0.0
239,0.9906350276210333,-0.6806358538891365,-0.5054976913653286,-0.6257786477574638,-0.056852860762953525,0.9048698548080624,1.1955746738186372,1.7489280052900857,0.7502928690344802,1.6632910042985698,2.0512834316875095,-1.0784583671710963,-0.9286815448050668,-1.224743484186469,-0.9738441702731098,0.0,1.0,1.0,0.0,1.0,0.0,1.0,0.0,0.0,0.0,0.0,1.0,0.0,0.0,0.0,1.0,0.0,0.0,0.0,0.0,0.0,0.0,1.0,0.0,1.0,0.0
153,1.7791505659793374,0.24643711951158404,-0.5054976913653286,-0.6257786477574638,-1.2545531275025126,3.6280972273732788,0.06443216805010606,1.7489280052900857,0.7502928690344802,-0.55443033476619,-1.0390887466831842,0.3415118162708471,-0.9286815448050668,-1.8474610079240783,-2.84051947759037,0.0,1.0,1.0,0.0,1.0,0.0,0.0,1.0,0.0,0.0,0.0,0.0,0.0,1.0,0.0,0.0,1.0,0.0,0.0,1.0,0.0,0.0,1.0,0.0,1.0,1.0
261,0.9906350276210333,1.1735100929123046,0.4232073695151592,-0.6257786477574638,-0.056852860762953525,-0.4567438314745458,0.06443216805010606,-0.21434464007995704,-1.0390848412666196,-0.55443033476619,-1.0390887466831842,-0.36847327545012465,-0.5726231024871813,-0.9133847223176643,-0.7071762692277869,0.0,1.0,1.0,0.0,1.0,0.0,0.0,0.0,1.0,0.0,1.0,0.0,0.0,0.0,0.0,0.0,1.0,0.0,0.0,1.0,1.0,0.0,0.0,1.0,1.0,0.0
262,0.9906350276210333,0.24643711951158404,-0.5054976913653286,-0.6257786477574638,1.1408474059766056,-0.4567438314745458,1.1955746738186372,-0.21434464007995704,-1.0390848412666196,-0.55443033476619,-1.0390887466831842,-0.36847327545012465,-0.7506523236461241,0.643409087026359,0.3594953349535047,0.0,1.0,0.0,0.0,1.0,0.0,1.0,0.0,0.0,0.0,1.0,0.0,0.0,0.0,0.0,0.0,1.0,0.0,0.0,0.0,0.0,1.0,0.0,1.0,0.0,0.0
172,0.20211948926272919,1.1735100929123046,1.351912430395647,-0.6257786477574638,-0.056852860762953525,-0.4567438314745458,0.06443216805010606,0.7672916826050644,0.7502928690344802,-0.55443033476619,0.5060973425021627,1.0514969079918188,-0.9286815448050668,0.643409087026359,0.09282743390818181,0.0,1.0,1.0,1.0,1.0,0.0,0.0,0.0,1.0,0.0,1.0,0.0,0.0,0.0,0.0,1.0,1.0,0.0,0.0,1.0,1.0,1.0,1.0,1.0,1.0,0.0
119,-1.374911587453879,0.24643711951158404,1.351912430395647,-0.6257786477574638,-1.2545531275025126,-0.4567438314745458,-1.0667103377184253,0.7672916826050644,-0.14439598611606974,-0.55443033476619,-0.2664957020905108,0.3415118162708471,0.13949378214858976,0.9547678488951636,0.6261632359988276,0.0,1.0,1.0,0.0,1.0,0.0,1.0,0.0,0.0,0.0,1.0,0.0,0.0,0.0,0.0,1.0,0.0,0.0,0.0,0.0,0.0,0.0,1.0,1.0,1.0,0.0
389,0.9906350276210333,-1.607708827289857,-1.4342027522458163,0.8282364455613489,-0.056852860762953525,0.9048698548080624,-3.3289953492554876,-2.1776172854499998,-1.9337736964171697,-0.55443033476619,-1.0390887466831842,1.0514969079918188,-0.9286815448050668,-1.5361022460552736,-1.5071799723637556,1.0,0.0,1.0,0.0,1.0,0.0,1.0,0.0,0.0,0.0,1.0,0.0,0.0,0.0,0.0,0.0,1.0,0.0,0.0,0.0,0.0,1.0,1.0,1.0,0.0,0.0
198,0.20211948926272919,1.1735100929123046,1.351912430395647,0.8282364455613489,-1.2545531275025126,0.9048698548080624,0.06443216805010606,-1.1959809627649785,0.7502928690344802,0.55443033476619,0.5060973425021627,-1.0784583671710963,2.3292532024035775,2.2002028963703824,1.959502741225442,0.0,0.0,1.0,0.0,1.0,0.0,0.0,1.0,0.0,0.0,0.0,0.0,1.0,1.0,0.0,0.0,1.0,0.0,0.0,1.0,0.0,0.0,1.0,1.0,1.0,0.0
139,-1.374911587453879,1.1735100929123046,1.351912430395647,0.8282364455613489,-1.2545531275025126,-0.4567438314745458,0.06443216805010606,-0.21434464007995704,-1.0390848412666196,-0.55443033476619,-1.0390887466831842,1.0514969079918188,-0.9286815448050668,1.5774853726327729,1.4261669391347962,0.0,0.0,1.0,0.0,1.0,0.0,0.0,0.0,1.0,0.0,0.0,0.0,1.0,0.0,0.0,0.0,1.0,0.0,0.0,0.0,0.0,1.0,1.0,1.0,1.0,0.0
148,-0.586396049095575,1.1735100929123046,1.351912430395647,-0.6257786477574638,-1.2545531275025126,-0.4567438314745458,-1.0667103377184253,-0.21434464007995704,-1.0390848412666196,0.55443033476619,-1.0390887466831842,1.0514969079918188,-0.9286815448050668,-1.224743484186469,-1.2405120713184326,0.0,1.0,1.0,0.0,1.0,0.0,0.0,0.0,1.0,0.0,0.0,0.0,1.0,0.0,0.0,0.0,1.0,0.0,0.0,1.0,0.0,0.0,1.0,0.0,1.0,1.0
322,0.20211948926272919,-0.6806358538891365,-0.5054976913653286,-0.6257786477574638,1.1408474059766056,-0.4567438314745458,-1.0667103377184253,-0.21434464007995704,-1.0390848412666196,0.55443033476619,-0.2664957020905108,-0.36847327545012465,-0.3945938813282385,0.02069156328874965,0.09282743390818181,0.0,0.0,0.0,1.0,1.0,0.0,0.0,1.0,0.0,0.0,0.0,1.0,0.0,0.0,0.0,0.0,1.0,0.0,0.0,1.0,1.0,1.0,1.0,1.0,1.0,0.0
36,-1.374911587453879,1.1735100929123046,0.4232073695151592,-0.6257786477574638,1.1408474059766056,-0.4567438314745458,1.1955746738186372,0.7672916826050644,-0.14439598611606974,-0.55443033476619,-1.0390887466831842,0.3415118162708471,-0.5726231024871813,1.2661266107639684,1.4261669391347962,0.0,1.0,1.0,1.0,1.0,0.0,0.0,0.0,1.0,0.0,0.0,1.0,0.0,1.0,0.0,0.0,1.0,0.0,0.0,1.0,0.0,1.0,1.0,1.0,1.0,0.0
287,0.20211948926272919,-1.607708827289857,-1.4342027522458163,-0.6257786477574638,1.1408474059766056,-0.4567438314745458,0.06443216805010606,-0.21434464007995704,-0.14439598611606974,-0.55443033476619,-1.0390887466831842,-0.36847327545012465,0.13949378214858976,0.643409087026359,0.3594953349535047,0.0,0.0,1.0,0.0,1.0,0.0,0.0,1.0,0.0,0.0,0.0,0.0,1.0,0.0,0.0,1.0,1.0,0.0,0.0,1.0,1.0,0.0,1.0,1.0,1.0,0.0
152,-1.374911587453879,0.24643711951158404,0.4232073695151592,0.8282364455613489,1.1408474059766056,2.2664835410906705,0.06443216805010606,-1.1959809627649785,-1.9337736964171697,0.55443033476619,0.5060973425021627,-0.36847327545012465,0.4955522244664753,-0.290667198580055,-0.1738404671371411,0.0,0.0,0.0,0.0,1.0,0.0,0.0,1.0,0.0,0.0,0.0,1.0,0.0,0.0,0.0,1.0,0.0,1.0,0.0,1.0,1.0,1.0,1.0,1.0,1.0,1.0
349,0.9906350276210333,0.24643711951158404,-0.5054976913653286,0.8282364455613489,-1.2545531275025126,0.9048698548080624,-2.1978528434869564,1.7489280052900857,1.6449817241850302,3.8810123433633295,2.0512834316875095,1.0514969079918188,0.8516106667843608,0.02069156328874965,0.6261632359988276,1.0,1.0,0.0,0.0,1.0,0.0,1.0,0.0,0.0,0.0,1.0,0.0,0.0,0.0,0.0,0.0,1.0,0.0,0.0,1.0,0.0,0.0,0.0,1.0,1.0,0.0
382,0.20211948926272919,-0.6806358538891365,0.4232073695151592,0.8282364455613489,-0.056852860762953525,-0.4567438314745458,0.06443216805010606,0.7672916826050644,-0.14439598611606974,-0.55443033476619,-1.0390887466831842,-0.36847327545012465,-0.5726231024871813,0.02069156328874965,0.09282743390818181,1.0,1.0,1.0,0.0,1.0,0.0,1.0,0.0,0.0,0.0,0.0,1.0,0.0,1.0,0.0,0.0,0.0,0.0,0.0,0.0,0.0,1.0,1.0,1.0,1.0,0.0
59,-0.586396049095575,1.1735100929123046,-0.5054976913653286,-0.6257786477574638,-0.056852860762953525,-0.4567438314745458,0.06443216805010606,-1.1959809627649785,-0.14439598611606974,-0.55443033476619,-1.0390887466831842,1.0514969079918188,-0.5726231024871813,1.2661266107639684,1.4261669391347962,0.0,0.0,1.0,0.0,1.0,0.0,0.0,1.0,0.0,0.0,1.0,0.0,0.0,0.0,0.0,0.0,1.0,0.0,0.0,1.0,0.0,0.0,1.0,1.0,1.0,0.0
111,-0.586396049095575,0.24643711951158404,0.4232073695151592,-0.6257786477574638,1.1408474059766056,0.9048698548080624,0.06443216805010606,-2.1776172854499998,-1.0390848412666196,-0.55443033476619,-1.0390887466831842,-1.0784583671710963,-0.9286815448050668,-1.224743484186469,-0.1738404671371411,0.0,0.0,0.0,0.0,1.0,0.0,0.0,1.0,0.0,0.0,1.0,0.0,0.0,0.0,0.0,1.0,0.0,0.0,1.0,1.0,0.0,1.0,1.0,1.0,1.0,0.0
325,0.9906350276210333,1.1735100929123046,1.351912430395647,-0.6257786477574638,1.1408474059766056,-0.4567438314745458,0.06443216805010606,-0.21434464007995704,-0.14439598611606974,0.55443033476619,-0.2664957020905108,-0.36847327545012465,-0.3945938813282385,-0.6020259604488597,0.3594953349535047,0.0,1.0,1.0,0.0,1.0,0.0,1.0,0.0,0.0,0.0,1.0,0.0,0.0,0.0,0.0,0.0,1.0,0.0,0.0,0.0,0.0,1.0,1.0,1.0,1.0,0.0
249,-0.586396049095575,-2.5347818006905776,-0.5054976913653286,-0.6257786477574638,-1.2545531275025126,-0.4567438314745458,0.06443216805010606,-0.21434464007995704,-1.0390848412666196,0.55443033476619,1.278690387094836,1.0514969079918188,-0.9286815448050668,0.643409087026359,1.1594990380894734,0.0,1.0,1.0,0.0,1.0,0.0,1.0,0.0,0.0,0.0,1.0,0.0,0.0,0.0,1.0,0.0,1.0,0.0,0.0,0.0,1.0,0.0,0.0,1.0,1.0,0.0
6,-0.586396049095575,-0.6806358538891365,-0.5054976913653286,-0.6257786477574638,-0.056852860762953525,-0.4567438314745458,0.06443216805010606,0.7672916826050644,0.7502928690344802,-0.55443033476619,-1.0390887466831842,-0.36847327545012465,-0.9286815448050668,0.3320503251575543,0.3594953349535047,0.0,1.0,1.0,1.0,1.0,0.0,1.0,0.0,0.0,0.0,1.0,0.0,0.0,1.0,0.0,0.0,1.0,0.0,0.0,0.0,0.0,0.0,1.0,1.0,1.0,0.0
284,0.20211948926272919,-0.6806358538891365,-0.5054976913653286,-0.6257786477574638,-0.056852860762953525,-0.4567438314745458,1.1955746738186372,0.7672916826050644,1.6449817241850302,-0.55443033476619,-0.2664957020905108,1.0514969079918188,-0.21656466016929576,-0.290667198580055,-0.44050836818246397,0.0,0.0,1.0,0.0,1.0,0.0,1.0,0.0,0.0,0.0,1.0,0.0,0.0,0.0,0.0,0.0,1.0,0.0,0.0,1.0,0.0,0.0,0.0,1.0,1.0,0.0
271,0.9906350276210333,-0.6806358538891365,0.4232073695151592,-0.6257786477574638,2.3385476727161647,-0.4567438314745458,0.06443216805010606,1.7489280052900857,1.6449817241850302,-0.55443033476619,0.5060973425021627,-1.0784583671710963,-0.21656466016929576,1.2661266107639684,0.8928311370441505,0.0,0.0,1.0,0.0,1.0,0.0,1.0,0.0,0.0,0.0,0.0,1.0,0.0,0.0,0.0,1.0,0.0,0.0,0.0,1.0,1.0,1.0,1.0,1.0,1.0,1.0
150,0.9906350276210333,-1.607708827289857,-1.4342027522458163,-0.6257786477574638,-1.2545531275025126,3.6280972273732788,-2.1978528434869564,-0.21434464007995704,1.6449817241850302,0.55443033476619,2.0512834316875095,0.3415118162708471,-0.9286815448050668,-1.5361022460552736,-1.5071799723637556,0.0,1.0,1.0,1.0,1.0,0.0,1.0,0.0,0.0,0.0,1.0,0.0,0.0,0.0,0.0,0.0,1.0,0.0,0.0,0.0,0.0,0.0,1.0,0.0,1.0,1.0
10,-1.374911587453879,1.1735100929123046,1.351912430395647,-0.6257786477574638,-0.056852860762953525,-0.4567438314745458,-1.0667103377184253,-0.21434464007995704,-0.14439598611606974,-0.55443033476619,-0.2664957020905108,-1.0784583671710963,-0.9286815448050668,-0.290667198580055,-0.7071762692277869,0.0,0.0,1.0,0.0,1.0,0.0,0.0,0.0,1.0,1.0,0.0,0.0,0.0,0.0,0.0,1.0,1.0,0.0,0.0,1.0,1.0,0.0,1.0,1.0,1.0,0.0
192,0.20211948926272919,-1.607708827289857,-0.5054976913653286,0.8282364455613489,-0.056852860762953525,-0.4567438314745458,0.06443216805010606,0.7672916826050644,0.7502928690344802,2.7721516738309497,2.0512834316875095,1.0514969079918188,1.2076691091022465,-1.224743484186469,-0.7071762692277869,0.0,1.0,1.0,0.0,1.0,0.0,0.0,0.0,0.0,0.0,0.0,1.0,0.0,0.0,1.0,0.0,0.0,1.0,0.0,0.0,1.0,1.0,0.0,1.0,1.0,0.0
103,-1.374911587453879,0.24643711951158404,-0.5054976913653286,0.8282364455613489,-0.056852860762953525,-0.4567438314745458,0.06443216805010606,-0.21434464007995704,1.6449817241850302,-0.55443033476619,-1.0390887466831842,-1.0784583671710963,2.3292532024035775,-1.224743484186469,-1.2405120713184326,0.0,0.0,1.0,0.0,1.0,0.0,0.0,1.0,0.0,0.0,1.0,0.0,0.0,1.0,0.0,0.0,1.0,0.0,1.0,1.0,1.0,0.0,1.0,1.0,1.0,0.0
81,-1.374911587453879,-0.6806358538891365,0.4232073695151592,-0.6257786477574638,1.1408474059766056,-0.4567438314745458,1.1955746738186372,-0.21434464007995704,-1.0390848412666196,-0.55443033476619,-0.2664957020905108,1.0514969079918188,-0.21656466016929576,0.02069156328874965,-0.1738404671371411,0.0,1.0,1.0,0.0,1.0,0.0,1.0,0.0,0.0,0.0,1.0,0.0,0.0,1.0,0.0,0.0,1.0,0.0,1.0,0.0,1.0,0.0,0.0,1.0,1.0,0.0
290,0.9906350276210333,1.1735100929123046,-0.5054976913653286,-0.6257786477574638,-0.056852860762953525,-0.4567438314745458,0.06443216805010606,-0.21434464007995704,-1.0390848412666196,-0.55443033476619,1.278690387094836,1.0514969079918188,1.0296398879433035,0.3320503251575543,0.09282743390818181,0.0,1.0,1.0,0.0,1.0,0.0,0.0,0.0,1.0,0.0,1.0,0.0,0.0,1.0,0.0,0.0,1.0,0.0,0.0,1.0,1.0,1.0,1.0,1.0,1.0,1.0
366,0.9906350276210333,1.1735100929123046,1.351912430395647,0.8282364455613489,1.1408474059766056,-0.4567438314745458,0.06443216805010606,-1.1959809627649785,-1.0390848412666196,0.55443033476619,-0.2664957020905108,1.0514969079918188,-0.9286815448050668,0.643409087026359,0.6261632359988276,1.0,1.0,1.0,1.0,1.0,0.0,0.0,0.0,1.0,0.0,0.0,1.0,0.0,0.0,1.0,0.0,1.0,0.0,0.0,0.0,1.0,0.0,1.0,1.0,1.0,1.0
202,0.20211948926272919,-1.607708827289857,-1.4342027522458163,-0.6257786477574638,-0.056852860762953525,-0.4567438314745458,0.06443216805010606,0.7672916826050644,0.7502928690344802,-0.55443033476619,0.5060973425021627,-1.7884434588920681,-0.21656466016929576,-0.6020259604488597,-0.44050836818246397,0.0,0.0,1.0,0.0,1.0,0.0,1.0,0.0,0.0,0.0,1.0,0.0,0.0,0.0,0.0,0.0,1.0,0.0,0.0,1.0,1.0,0.0,0.0,1.0,0.0,0.0
345,0.9906350276210333,0.24643711951158404,-0.5054976913653286,-0.6257786477574638,1.1408474059766056,-0.4567438314745458,1.1955746738186372,0.7672916826050644,-0.14439598611606974,0.55443033476619,0.5060973425021627,-1.7884434588920681,0.3175230033075325,0.643409087026359,0.6261632359988276,0.0,0.0,1.0,0.0,1.0,0.0,1.0,0.0,0.0,0.0,0.0,1.0,0.0,0.0,1.0,0.0,1.0,0.0,0.0,0.0,0.0,0.0,1.0,1.0,1.0,1.0
163,0.20211948926272919,-1.607708827289857,0.4232073695151592,-0.6257786477574638,-1.2545531275025126,-0.4567438314745458,1.1955746738186372,-0.21434464007995704,-0.14439598611606974,-0.55443033476619,1.278690387094836,-1.0784583671710963,-0.5726231024871813,-0.290667198580055,-0.1738404671371411,0.0,1.0,1.0,0.0,1.0,0.0,0.0,0.0,0.0,0.0,0.0,1.0,0.0,0.0,0.0,0.0,0.0,0.0,0.0,0.0,0.0,0.0,1.0,0.0,1.0,0.0
297,0.9906350276210333,1.1735100929123046,0.4232073695151592,0.8282364455613489,-0.056852860762953525,-0.4567438314745458,0.06443216805010606,0.7672916826050644,1.6449817241850302,-0.55443033476619,-0.2664957020905108,-1.0784583671710963,0.8516106667843608,-0.290667198580055,-0.7071762692277869,0.0,0.0,1.0,1.0,1.0,0.0,1.0,0.0,0.0,0.0,1.0,0.0,0.0,1.0,0.0,0.0,0.0,1.0,0.0,1.0,1.0,0.0,1.0,1.0,1.0,1.0
89,-0.586396049095575,1.1735100929123046,1.351912430395647,-0.6257786477574638,-0.056852860762953525,-0.4567438314745458,0.06443216805010606,-2.1776172854499998,-0.14439598611606974,1.6632910042985698,2.0512834316875095,1.0514969079918188,2.2758444360559027,-0.9133847223176643,-1.2405120713184326,0.0,1.0,1.0,1.0,0.0,0.0,0.0,0.0,1.0,1.0,0.0,0.0,0.0,0.0,0.0,1.0,1.0,0.0,0.0,1.0,0.0,0.0,1.0,1.0,0.0,0.0
203,0.20211948926272919,-0.6806358538891365,-0.5054976913653286,-0.6257786477574638,-1.2545531275025126,-0.4567438314745458,1.1955746738186372,-0.21434464007995704,-1.0390848412666196,-0.55443033476619,-0.2664957020905108,-0.36847327545012465,2.2758444360559027,-1.224743484186469,-1.2405120713184326,0.0,0.0,0.0,0.0,1.0,0.0,1.0,0.0,0.0,0.0,1.0,0.0,0.0,0.0,0.0,1.0,1.0,0.0,0.0,1.0,0.0,0.0,1.0,1.0,1.0,0.0
147,-1.374911587453879,-1.607708827289857,-0.5054976913653286,-0.6257786477574638,-0.056852860762953525,-0.4567438314745458,0.06443216805010606,-0.21434464007995704,-1.0390848412666196,-0.55443033476619,-1.0390887466831842,1.0514969079918188,-0.5726231024871813,-0.290667198580055,0.09282743390818181,0.0,0.0,1.0,0.0,1.0,0.0,0.0,0.0,0.0,0.0,1.0,0.0,0.0,0.0,0.0,0.0,1.0,0.0,0.0,1.0,1.0,0.0,0.0,1.0,1.0,0.0
222,-0.586396049095575,-0.6806358538891365,0.4232073695151592,-0.6257786477574638,-0.056852860762953525,-0.4567438314745458,-2.1978528434869564,-0.21434464007995704,-1.9337736964171697,-0.55443033476619,-1.0390887466831842,-0.36847327545012465,-0.5726231024871813,1.5774853726327729,1.4261669391347962,0.0,0.0,1.0,0.0,1.0,0.0,0.0,1.0,0.0,0.0,0.0,0.0,1.0,0.0,1.0,0.0,1.0,0.0,1.0,0.0,0.0,0.0,1.0,1.0,1.0,0.0
92,-0.586396049095575,0.24643711951158404,-1.4342027522458163,-0.6257786477574638,-0.056852860762953525,-0.4567438314745458,-1.0667103377184253,-0.21434464007995704,-0.14439598611606974,0.55443033476619,0.5060973425021627,-1.0784583671710963,-0.21656466016929576,-1.224743484186469,-1.2405120713184326,0.0,0.0,1.0,1.0,1.0,0.0,1.0,0.0,0.0,0.0,1.0,0.0,0.0,1.0,0.0,0.0,0.0,0.0,1.0,1.0,0.0,0.0,1.0,1.0,0.0,0.0
69,-1.374911587453879,0.24643711951158404,-1.4342027522458163,0.8282364455613489,2.3385476727161647,-0.4567438314745458,0.06443216805010606,0.7672916826050644,-1.0390848412666196,0.55443033476619,0.5060973425021627,-0.36847327545012465,1.2076691091022465,1.5774853726327729,1.4261669391347962,0.0,0.0,0.0,1.0,1.0,0.0,1.0,0.0,0.0,0.0,1.0,0.0,0.0,0.0,0.0,1.0,0.0,0.0,0.0,1.0,0.0,0.0,0.0,1.0,1.0,0.0
123,-0.586396049095575,1.1735100929123046,1.351912430395647,-0.6257786477574638,-1.2545531275025126,-0.4567438314745458,-1.0667103377184253,0.7672916826050644,0.7502928690344802,-0.55443033476619,1.278690387094836,1.0514969079918188,2.2758444360559027,0.9547678488951636,0.09282743390818181,0.0,1.0,1.0,0.0,1.0,1.0,0.0,0.0,0.0,0.0,1.0,0.0,0.0,0.0,0.0,0.0,1.0,0.0,0.0,1.0,0.0,1.0,1.0,1.0,1.0,0.0
96,-0.586396049095575,1.1735100929123046,0.4232073695151592,0.8282364455613489,-1.2545531275025126,-0.4567438314745458,-1.0667103377184253,-0.21434464007995704,-0.14439598611606974,-0.55443033476619,-1.0390887466831842,0.3415118162708471,-0.5726231024871813,0.02069156328874965,1.1594990380894734,0.0,1.0,0.0,0.0,1.0,0.0,0.0,1.0,0.0,0.0,1.0,0.0,0.0,0.0,0.0,1.0,1.0,0.0,1.0,1.0,0.0,1.0,0.0,1.0,1.0,0.0
143,-0.586396049095575,-1.607708827289857,-1.4342027522458163,-0.6257786477574638,-1.2545531275025126,-0.4567438314745458,-1.0667103377184253,0.7672916826050644,0.7502928690344802,1.6632910042985698,0.5060973425021627,-1.7884434588920681,-0.5726231024871813,0.9547678488951636,0.8928311370441505,0.0,0.0,1.0,1.0,1.0,0.0,0.0,0.0,0.0,0.0,0.0,0.0,0.0,0.0,0.0,0.0,1.0,0.0,0.0,0.0,0.0,0.0,1.0,1.0,1.0,0.0
299,0.9906350276210333,1.1735100929123046,1.351912430395647,-0.6257786477574638,-1.2545531275025126,-0.4567438314745458,-3.3289953492554876,0.7672916826050644,-1.0390848412666196,0.55443033476619,-0.2664957020905108,-1.7884434588920681,-0.03853543901035301,1.5774853726327729,1.1594990380894734,0.0,1.0,1.0,1.0,1.0,0.0,0.0,0.0,1.0,0.0,0.0,0.0,1.0,1.0,0.0,0.0,1.0,0.0,0.0,1.0,1.0,0.0,1.0,1.0,1.0,1.0
97,-0.586396049095575,-0.6806358538891365,-1.4342027522458163,-0.6257786477574638,-0.056852860762953525,-0.4567438314745458,0.06443216805010606,-0.21434464007995704,1.6449817241850302,-0.55443033476619,-1.0390887466831842,1.0514969079918188,-0.5726231024871813,-0.9133847223176643,-0.44050836818246397,0.0,0.0,1.0,0.0,1.0,0.0,1.0,0.0,0.0,0.0,1.0,0.0,0.0,0.0,0.0,0.0,1.0,0.0,0.0,1.0,1.0,0.0,1.0,1.0,0.0,1.0
232,0.20211948926272919,1.1735100929123046,1.351912430395647,-0.6257786477574638,-0.056852860762953525,-0.4567438314745458,0.06443216805010606,1.7489280052900857,1.6449817241850302,-0.55443033476619,0.5060973425021627,-1.0784583671710963,1.5637275514201319,0.02069156328874965,-0.44050836818246397,0.0,1.0,1.0,0.0,1.0,0.0,0.0,0.0,1.0,0.0,0.0,0.0,1.0,0.0,0.0,1.0,1.0,0.0,1.0,1.0,0.0,1.0,1.0,1.0,1.0,1.0
68,-1.374911587453879,-0.6806358538891365,-0.5054976913653286,0.8282364455613489,-0.056852860762953525,-0.4567438314745458,0.06443216805010606,-2.1776172854499998,-0.14439598611606974,-0.55443033476619,0.5060973425021627,0.3415118162708471,-0.5726231024871813,-0.9133847223176643,-0.44050836818246397,0.0,0.0,0.0,1.0,1.0,1.0,0.0,0.0,0.0,0.0,0.0,1.0,0.0,0.0,0.0,1.0,1.0,0.0,1.0,1.0,1.0,0.0,1.0,1.0,1.0,0.0
23,-0.586396049095575,-0.6806358538891365,-0.5054976913653286,0.8282364455613489,-0.056852860762953525,-0.4567438314745458,1.1955746738186372,0.7672916826050644,0.7502928690344802,0.55443033476619,1.278690387094836,1.0514969079918188,-0.9286815448050668,0.643409087026359,0.6261632359988276,0.0,1.0,1.0,1.0,1.0,0.0,1.0,0.0,0.0,0.0,1.0,0.0,0.0,0.0,0.0,1.0,1.0,0.0,0.0,1.0,0.0,1.0,1.0,1.0,1.0,0.0
37,-0.586396049095575,1.1735100929123046,1.351912430395647,0.8282364455613489,1.1408474059766056,-0.4567438314745458,-2.1978528434869564,0.7672916826050644,-0.14439598611606974,-0.55443033476619,-1.0390887466831842,1.0514969079918188,0.3175230033075325,1.2661266107639684,1.4261669391347962,0.0,1.0,0.0,0.0,0.0,0.0,1.0,0.0,0.0,0.0,0.0,0.0,1.0,0.0,0.0,1.0,1.0,0.0,0.0,1.0,0.0,1.0,1.0,1.0,1.0,1.0
144,0.20211948926272919,-0.6806358538891365,-1.4342027522458163,-0.6257786477574638,-1.2545531275025126,3.6280972273732788,1.1955746738186372,0.7672916826050644,1.6449817241850302,-0.55443033476619,-0.2664957020905108,1.0514969079918188,-0.9286815448050668,-1.8474610079240783,-2.84051947759037,0.0,1.0,1.0,0.0,1.0,0.0,1.0,0.0,0.0,0.0,1.0,0.0,0.0,1.0,0.0,0.0,1.0,0.0,0.0,1.0,0.0,0.0,1.0,1.0,1.0,0.0
122,-0.586396049095575,-0.6806358538891365,1.351912430395647,0.8282364455613489,-0.056852860762953525,-0.4567438314745458,0.06443216805010606,-1.1959809627649785,-1.0390848412666196,-0.55443033476619,-0.2664957020905108,1.0514969079918188,-0.5726231024871813,0.643409087026359,0.6261632359988276,0.0,0.0,1.0,1.0,1.0,0.0,1.0,0.0,0.0,1.0,0.0,0.0,0.0,0.0,0.0,0.0,0.0,0.0,0.0,1.0,1.0,1.0,1.0,1.0,1.0,1.0
67,-0.586396049095575,0.24643711951158404,-1.4342027522458163,-0.6257786477574638,2.3385476727161647,-0.4567438314745458,0.06443216805010606,-0.21434464007995704,-0.14439598611606974,-0.55443033476619,-0.2664957020905108,1.0514969079918188,-0.21656466016929576,-1.224743484186469,-0.9738441702731098,0.0,0.0,1.0,0.0,1.0,0.0,0.0,1.0,0.0,0.0,1.0,0.0,0.0,0.0,0.0,0.0,1.0,0.0,1.0,1.0,1.0,0.0,1.0,1.0,1.0,0.0
180,-0.586396049095575,1.1735100929123046,0.4232073695151592,-0.6257786477574638,-0.056852860762953525,-0.4567438314745458,-1.0667103377184253,0.7672916826050644,-0.14439598611606974,0.55443033476619,0.5060973425021627,-0.36847327545012465,0.8516106667843608,-0.6020259604488597,-0.7071762692277869,0.0,1.0,1.0,0.0,1.0,0.0,0.0,0.0,1.0,0.0,1.0,0.0,0.0,1.0,0.0,0.0,1.0,0.0,0.0,1.0,1.0,1.0,1.0,1.0,1.0,0.0
208,-0.586396049095575,-1.607708827289857,-1.4342027522458163,0.8282364455613489,-1.2545531275025126,-0.4567438314745458,0.06443216805010606,-0.21434464007995704,-1.0390848412666196,-0.55443033476619,1.278690387094836,1.0514969079918188,0.13949378214858976,-0.6020259604488597,-0.44050836818246397,0.0,0.0,1.0,0.0,1.0,0.0,0.0,0.0,0.0,0.0,1.0,0.0,0.0,1.0,0.0,0.0,1.0,0.0,0.0,1.0,1.0,0.0,1.0,1.0,0.0,0.0
282,0.9906350276210333,-1.607708827289857,-1.4342027522458163,0.8282364455613489,2.3385476727161647,-0.4567438314745458,1.1955746738186372,-1.1959809627649785,-1.0390848412666196,-0.55443033476619,-1.0390887466831842,-0.36847327545012465,-0.7506523236461241,0.3320503251575543,0.3594953349535047,0.0,0.0,0.0,1.0,1.0,0.0,0.0,0.0,0.0,0.0,1.0,0.0,0.0,0.0,0.0,1.0,1.0,0.0,0.0,1.0,1.0,1.0,1.0,1.0,0.0,0.0
369,0.9906350276210333,1.1735100929123046,1.351912430395647,2.2822515388801614,-0.056852860762953525,-0.4567438314745458,-1.0667103377184253,-1.1959809627649785,-1.0390848412666196,2.7721516738309497,-0.2664957020905108,1.0514969079918188,0.8516106667843608,0.9547678488951636,0.3594953349535047,1.0,0.0,0.0,0.0,1.0,0.0,1.0,0.0,0.0,0.0,0.0,0.0,1.0,0.0,1.0,0.0,0.0,0.0,0.0,1.0,1.0,0.0,0.0,1.0,1.0,1.0
280,0.20211948926272919,1.1735100929123046,-1.4342027522458163,0.8282364455613489,-1.2545531275025126,-0.4567438314745458,0.06443216805010606,1.7489280052900857,0.7502928690344802,0.55443033476619,1.278690387094836,1.0514969079918188,2.3292532024035775,-0.9133847223176643,-0.7071762692277869,0.0,1.0,1.0,1.0,0.0,0.0,0.0,1.0,0.0,0.0,1.0,0.0,0.0,1.0,0.0,0.0,1.0,0.0,0.0,0.0,1.0,1.0,1.0,1.0,1.0,1.0
125,-1.374911587453879,0.24643711951158404,1.351912430395647,-0.6257786477574638,-1.2545531275025126,-0.4567438314745458,1.1955746738186372,1.7489280052900857,1.6449817241850302,1.6632910042985698,-0.2664957020905108,1.0514969079918188,-0.9286815448050668,0.643409087026359,0.6261632359988276,0.0,1.0,1.0,0.0,1.0,0.0,0.0,1.0,0.0,0.0,0.0,1.0,0.0,1.0,0.0,0.0,0.0,0.0,1.0,0.0,0.0,0.0,1.0,1.0,1.0,0.0
146,-1.374911587453879,0.24643711951158404,-0.5054976913653286,-0.6257786477574638,-0.056852860762953525,3.6280972273732788,-1.0667103377184253,-0.21434464007995704,-1.0390848412666196,-0.55443033476619,-1.0390887466831842,-0.36847327545012465,-0.9286815448050668,-1.5361022460552736,-0.9738441702731098,0.0,0.0,1.0,0.0,1.0,1.0,0.0,0.0,0.0,0.0,0.0,1.0,0.0,1.0,0.0,0.0,0.0,0.0,0.0,1.0,0.0,0.0,1.0,1.0,1.0,0.0
229,0.20211948926272919,-0.6806358538891365,-1.4342027522458163,0.8282364455613489,1.1408474059766056,-0.4567438314745458,-1.0667103377184253,-1.1959809627649785,-0.14439598611606974,-0.55443033476619,-0.2664957020905108,-0.36847327545012465,0.8516106667843608,0.3320503251575543,-0.1738404671371411,0.0,0.0,1.0,0.0,0.0,0.0,1.0,0.0,0.0,0.0,1.0,0.0,0.0,0.0,0.0,0.0,1.0,0.0,0.0,0.0,0.0,1.0,1.0,1.0,1.0,1.0
86,-0.586396049095575,-0.6806358538891365,-0.5054976913653286,-0.6257786477574638,-0.056852860762953525,-0.4567438314745458,0.06443216805010606,-0.21434464007995704,0.7502928690344802,-0.55443033476619,-0.2664957020905108,-1.0784583671710963,-0.21656466016929576,-0.9133847223176643,-0.9738441702731098,0.0,0.0,1.0,1.0,1.0,0.0,0.0,0.0,0.0,0.0,1.0,0.0,0.0,0.0,0.0,0.0,1.0,0.0,0.0,1.0,0.0,0.0,1.0,1.0,0.0,0.0
332,0.9906350276210333,0.24643711951158404,0.4232073695151592,-0.6257786477574638,-0.056852860762953525,-0.4567438314745458,1.1955746738186372,-0.21434464007995704,0.7502928690344802,-0.55443033476619,-1.0390887466831842,0.3415118162708471,-0.9286815448050668,-1.224743484186469,-2.84051947759037,0.0,0.0,1.0,0.0,1.0,0.0,0.0,1.0,0.0,0.0,0.0,1.0,0.0,1.0,0.0,0.0,1.0,0.0,0.0,0.0,0.0,1.0,1.0,1.0,1.0,0.0
219,0.20211948926272919,-0.6806358538891365,-0.5054976913653286,-0.6257786477574638,1.1408474059766056,-0.4567438314745458,0.06443216805010606,-0.21434464007995704,-0.14439598611606974,-0.55443033476619,-1.0390887466831842,0.3415118162708471,-0.21656466016929576,-0.6020259604488597,-0.1738404671371411,0.0,0.0,1.0,0.0,1.0,0.0,0.0,0.0,0.0,0.0,0.0,0.0,0.0,0.0,0.0,0.0,1.0,0.0,0.0,1.0,1.0,1.0,1.0,1.0,1.0,0.0
333,0.9906350276210333,-0.6806358538891365,-0.5054976913653286,-0.6257786477574638,-0.056852860762953525,-0.4567438314745458,0.06443216805010606,-0.21434464007995704,-0.14439598611606974,-0.55443033476619,-1.0390887466831842,-1.0784583671710963,-0.9286815448050668,-0.9133847223176643,-0.7071762692277869,0.0,0.0,1.0,1.0,1.0,0.0,1.0,0.0,0.0,0.0,1.0,0.0,0.0,1.0,0.0,0.0,0.0,1.0,0.0,0.0,0.0,1.0,0.0,1.0,1.0,1.0
195,0.20211948926272919,-0.6806358538891365,1.351912430395647,-0.6257786477574638,-0.056852860762953525,-0.4567438314745458,0.06443216805010606,-0.21434464007995704,-1.0390848412666196,-0.55443033476619,-1.0390887466831842,1.0514969079918188,-0.9286815448050668,0.9547678488951636,1.1594990380894734,0.0,0.0,1.0,1.0,1.0,0.0,0.0,1.0,0.0,0.0,0.0,1.0,0.0,0.0,0.0,0.0,0.0,0.0,0.0,0.0,0.0,1.0,1.0,1.0,1.0,1.0
274,0.20211948926272919,-0.6806358538891365,1.351912430395647,0.8282364455613489,-0.056852860762953525,-0.4567438314745458,0.06443216805010606,-0.21434464007995704,-0.14439598611606974,-0.55443033476619,-1.0390887466831842,-1.7884434588920681,-0.5726231024871813,-0.290667198580055,-0.1738404671371411,0.0,0.0,1.0,0.0,1.0,0.0,0.0,0.0,0.0,1.0,0.0,0.0,0.0,0.0,0.0,1.0,1.0,0.0,0.0,1.0,1.0,0.0,1.0,1.0,1.0,1.0
298,0.9906350276210333,1.1735100929123046,0.4232073695151592,-0.6257786477574638,2.3385476727161647,-0.4567438314745458,0.06443216805010606,-0.21434464007995704,-0.14439598611606974,-0.55443033476619,-1.0390887466831842,-0.36847327545012465,-0.9286815448050668,0.9547678488951636,0.6261632359988276,0.0,0.0,1.0,0.0,1.0,0.0,1.0,0.0,0.0,0.0,1.0,0.0,0.0,0.0,0.0,1.0,0.0,0.0,0.0,1.0,1.0,0.0,1.0,1.0,1.0,0.0
183,0.20211948926272919,0.24643711951158404,0.4232073695151592,-0.6257786477574638,-0.056852860762953525,-0.4567438314745458,1.1955746738186372,-0.21434464007995704,-0.14439598611606974,0.55443033476619,0.5060973425021627,-1.7884434588920681,2.3292532024035775,-0.6020259604488597,-0.44050836818246397,0.0,0.0,1.0,1.0,1.0,0.0,1.0,0.0,0.0,0.0,1.0,0.0,0.0,0.0,0.0,1.0,1.0,0.0,0.0,1.0,0.0,1.0,1.0,1.0,1.0,1.0
220,0.20211948926272919,-0.6806358538891365,-1.4342027522458163,0.8282364455613489,-0.056852860762953525,-0.4567438314745458,0.06443216805010606,-1.1959809627649785,1.6449817241850302,-0.55443033476619,-0.2664957020905108,1.0514969079918188,-0.5726231024871813,-1.5361022460552736,-1.2405120713184326,0.0,0.0,0.0,0.0,1.0,0.0,0.0,0.0,0.0,0.0,0.0,1.0,0.0,0.0,0.0,1.0,1.0,0.0,0.0,1.0,0.0,1.0,1.0,1.0,1.0,0.0
312,1.7791505659793374,-1.607708827289857,-0.5054976913653286,-0.6257786477574638,-0.056852860762953525,0.9048698548080624,0.06443216805010606,1.7489280052900857,-1.0390848412666196,0.55443033476619,-0.2664957020905108,0.3415118162708471,-0.3945938813282385,0.643409087026359,0.09282743390818181,0.0,1.0,1.0,0.0,1.0,0.0,1.0,0.0,0.0,0.0,0.0,1.0,0.0,0.0,0.0,0.0,0.0,1.0,0.0,0.0,0.0,0.0,0.0,1.0,1.0,0.0
336,1.7791505659793374,0.24643711951158404,-1.4342027522458163,-0.6257786477574638,1.1408474059766056,0.9048698548080624,1.1955746738186372,0.7672916826050644,-0.14439598611606974,-0.55443033476619,-0.2664957020905108,1.0514969079918188,1.2076691091022465,0.9547678488951636,0.6261632359988276,0.0,0.0,0.0,0.0,0.0,0.0,0.0,1.0,0.0,0.0,0.0,0.0,0.0,1.0,0.0,0.0,0.0,1.0,0.0,0.0,1.0,0.0,1.0,1.0,0.0,0.0
278,0.9906350276210333,1.1735100929123046,1.351912430395647,-0.6257786477574638,-0.056852860762953525,0.9048698548080624,-2.1978528434869564,0.7672916826050644,0.7502928690344802,-0.55443033476619,-1.0390887466831842,0.3415118162708471,1.7417567725790746,-0.6020259604488597,-0.7071762692277869,0.0,0.0,1.0,0.0,1.0,1.0,0.0,0.0,0.0,1.0,0.0,0.0,0.0,0.0,0.0,1.0,0.0,0.0,1.0,1.0,0.0,1.0,1.0,1.0,1.0,1.0
129,-0.586396049095575,1.1735100929123046,1.351912430395647,-0.6257786477574638,-1.2545531275025126,-0.4567438314745458,-1.0667103377184253,1.7489280052900857,1.6449817241850302,0.55443033476619,2.0512834316875095,0.3415118162708471,0.4955522244664753,2.2002028963703824,1.959502741225442,0.0,1.0,0.0,0.0,1.0,0.0,0.0,0.0,1.0,0.0,0.0,0.0,1.0,0.0,0.0,0.0,1.0,0.0,0.0,0.0,1.0,1.0,1.0,1.0,1.0,0.0
38,-1.374911587453879,0.24643711951158404,1.351912430395647,-0.6257786477574638,1.1408474059766056,-0.4567438314745458,0.06443216805010606,-0.21434464007995704,-1.0390848412666196,-0.55443033476619,-1.0390887466831842,1.0514969079918188,-0.5726231024871813,0.3320503251575543,0.3594953349535047,0.0,0.0,0.0,0.0,1.0,0.0,0.0,1.0,0.0,1.0,0.0,0.0,0.0,0.0,0.0,0.0,1.0,0.0,1.0,1.0,1.0,1.0,1.0,1.0,1.0,0.0
11,-1.374911587453879,-0.6806358538891365,-1.4342027522458163,2.2822515388801614,1.1408474059766056,-0.4567438314745458,1.1955746738186372,-1.1959809627649785,-1.0390848412666196,-0.55443033476619,-1.0390887466831842,0.3415118162708471,-0.21656466016929576,-0.290667198580055,0.3594953349535047,0.0,0.0,1.0,0.0,1.0,0.0,0.0,1.0,0.0,0.0,1.0,0.0,0.0,0.0,0.0,1.0,0.0,0.0,0.0,1.0,0.0,1.0,1.0,1.0,1.0,0.0
266,0.20211948926272919,0.24643711951158404,-1.4342027522458163,-0.6257786477574638,-0.056852860762953525,-0.4567438314745458,1.1955746738186372,0.7672916826050644,0.7502928690344802,1.6632910042985698,1.278690387094836,1.0514969079918188,-0.5726231024871813,-0.6020259604488597,-0.44050836818246397,0.0,1.0,1.0,0.0,1.0,0.0,0.0,1.0,0.0,0.0,1.0,0.0,0.0,0.0,1.0,0.0,1.0,0.0,0.0,0.0,1.0,1.0,1.0,1.0,1.0,1.0
185,0.20211948926272919,0.24643711951158404,0.4232073695151592,-0.6257786477574638,-0.056852860762953525,-0.4567438314745458,0.06443216805010606,-0.21434464007995704,0.7502928690344802,0.55443033476619,0.5060973425021627,0.3415118162708471,1.2076691091022465,0.3320503251575543,0.3594953349535047,0.0,1.0,1.0,0.0,1.0,0.0,0.0,1.0,0.0,0.0,0.0,1.0,0.0,0.0,1.0,0.0,1.0,0.0,0.0,1.0,0.0,1.0,1.0,1.0,1.0,1.0
233,-0.586396049095575,1.1735100929123046,1.351912430395647,-0.6257786477574638,-0.056852860762953525,-0.4567438314745458,0.06443216805010606,-1.1959809627649785,0.7502928690344802,0.55443033476619,1.278690387094836,-1.7884434588920681,-0.5726231024871813,0.9547678488951636,0.6261632359988276,0.0,1.0,1.0,0.0,1.0,1.0,0.0,0.0,0.0,0.0,1.0,0.0,0.0,0.0,0.0,1.0,0.0,0.0,0.0,1.0,1.0,1.0,1.0,1.0,1.0,0.0
112,-0.586396049095575,-0.6806358538891365,-0.5054976913653286,-0.6257786477574638,-0.056852860762953525,0.9048698548080624,-1.0667103377184253,-2.1776172854499998,-1.0390848412666196,-0.55443033476619,-1.0390887466831842,1.0514969079918188,0.13949378214858976,-0.290667198580055,0.6261632359988276,0.0,0.0,1.0,0.0,1.0,0.0,0.0,0.0,0.0,0.0,1.0,0.0,0.0,1.0,0.0,0.0,1.0,0.0,1.0,0.0,0.0,1.0,1.0,1.0,1.0,0.0
179,0.20211948926272919,1.1735100929123046,0.4232073695151592,-0.6257786477574638,-0.056852860762953525,-0.4567438314745458,1.1955746738186372,-1.1959809627649785,-0.14439598611606974,-0.55443033476619,-1.0390887466831842,-1.0784583671710963,-0.21656466016929576,-0.290667198580055,-0.1738404671371411,0.0,1.0,1.0,0.0,1.0,0.0,1.0,0.0,0.0,0.0,1.0,0.0,0.0,0.0,0.0,0.0,1.0,0.0,0.0,1.0,0.0,1.0,1.0,1.0,1.0,1.0
265,0.9906350276210333,0.24643711951158404,1.351912430395647,0.8282364455613489,-0.056852860762953525,-0.4567438314745458,0.06443216805010606,-1.1959809627649785,1.6449817241850302,1.6632910042985698,1.278690387094836,-1.7884434588920681,1.3856983302611892,1.8888441345015776,1.6928348401801192,0.0,1.0,0.0,1.0,0.0,0.0,1.0,0.0,0.0,0.0,1.0,0.0,0.0,0.0,0.0,1.0,1.0,0.0,0.0,1.0,1.0,1.0,1.0,1.0,1.0,0.0
277,0.9906350276210333,1.1735100929123046,1.351912430395647,0.8282364455613489,-1.2545531275025126,-0.4567438314745458,-1.0667103377184253,-1.1959809627649785,0.7502928690344802,-0.55443033476619,1.278690387094836,-0.36847327545012465,2.3292532024035775,-0.6020259604488597,-0.44050836818246397,0.0,1.0,1.0,0.0,1.0,0.0,0.0,0.0,1.0,0.0,0.0,1.0,0.0,1.0,0.0,0.0,1.0,0.0,0.0,0.0,1.0,1.0,1.0,1.0,1.0,0.0
117,-0.586396049095575,0.24643711951158404,0.4232073695151592,0.8282364455613489,-1.2545531275025126,-0.4567438314745458,1.1955746738186372,0.7672916826050644,-1.0390848412666196,-0.55443033476619,-1.0390887466831842,1.0514969079918188,-0.9286815448050668,0.643409087026359,0.8928311370441505,0.0,1.0,1.0,0.0,1.0,0.0,1.0,0.0,0.0,0.0,0.0,1.0,0.0,1.0,0.0,0.0,0.0,0.0,0.0,0.0,0.0,1.0,1.0,1.0,1.0,0.0
363,0.20211948926272919,1.1735100929123046,1.351912430395647,-0.6257786477574638,-0.056852860762953525,-0.4567438314745458,-2.1978528434869564,-0.21434464007995704,0.7502928690344802,-0.55443033476619,-1.0390887466831842,-1.7884434588920681,-0.9286815448050668,1.5774853726327729,1.1594990380894734,1.0,0.0,1.0,1.0,1.0,0.0,0.0,0.0,0.0,0.0,0.0,0.0,0.0,0.0,0.0,0.0,1.0,0.0,0.0,1.0,1.0,1.0,1.0,1.0,1.0,1.0
347,0.9906350276210333,1.1735100929123046,0.4232073695151592,-0.6257786477574638,1.1408474059766056,-0.4567438314745458,1.1955746738186372,0.7672916826050644,1.6449817241850302,0.55443033476619,0.5060973425021627,1.0514969079918188,-0.9286815448050668,-0.290667198580055,-0.1738404671371411,0.0,1.0,1.0,0.0,1.0,0.0,0.0,0.0,1.0,0.0,1.0,0.0,0.0,0.0,0.0,0.0,1.0,0.0,0.0,1.0,1.0,0.0,1.0,1.0,1.0,1.0
379,0.20211948926272919,0.24643711951158404,-1.4342027522458163,-0.6257786477574638,-0.056852860762953525,-0.4567438314745458,0.06443216805010606,1.7489280052900857,0.7502928690344802,0.55443033476619,0.5060973425021627,-1.7884434588920681,2.09781521489696,-0.290667198580055,-0.1738404671371411,1.0,0.0,0.0,0.0,1.0,0.0,0.0,0.0,0.0,0.0,1.0,0.0,0.0,0.0,0.0,1.0,1.0,0.0,0.0,1.0,1.0,1.0,0.0,1.0,1.0,0.0
283,0.9906350276210333,-1.607708827289857,-1.4342027522458163,0.8282364455613489,-0.056852860762953525,-0.4567438314745458,1.1955746738186372,0.7672916826050644,0.7502928690344802,-0.55443033476619,-1.0390887466831842,0.3415118162708471,-0.21656466016929576,-0.9133847223176643,-0.44050836818246397,0.0,0.0,1.0,0.0,1.0,0.0,1.0,0.0,0.0,0.0,1.0,0.0,0.0,1.0,0.0,0.0,1.0,0.0,1.0,0.0,0.0,1.0,1.0,1.0,1.0,0.0
357,0.20211948926272919,0.24643711951158404,-0.5054976913653286,0.8282364455613489,-0.056852860762953525,-0.4567438314745458,-3.3289953492554876,-1.1959809627649785,-0.14439598611606974,-0.55443033476619,-0.2664957020905108,1.0514969079918188,-0.5726231024871813,0.3320503251575543,0.3594953349535047,1.0,0.0,1.0,1.0,0.0,0.0,0.0,1.0,0.0,0.0,1.0,0.0,0.0,0.0,0.0,1.0,1.0,0.0,0.0,0.0,0.0,0.0,1.0,1.0,0.0,1.0
164,0.20211948926272919,-1.607708827289857,-1.4342027522458163,3.736266632198974,-0.056852860762953525,3.6280972273732788,1.1955746738186372,-0.21434464007995704,1.6449817241850302,-0.55443033476619,2.0512834316875095,1.0514969079918188,-0.9286815448050668,-1.8474610079240783,-0.7071762692277869,0.0,1.0,0.0,1.0,1.0,0.0,1.0,0.0,0.0,0.0,0.0,1.0,0.0,0.0,0.0,0.0,1.0,0.0,0.0,0.0,0.0,1.0,1.0,0.0,0.0,1.0
247,4.14469718105425,0.24643711951158404,-1.4342027522458163,-0.6257786477574638,-1.2545531275025126,3.6280972273732788,1.1955746738186372,0.7672916826050644,1.6449817241850302,3.8810123433633295,2.0512834316875095,-1.7884434588920681,1.9197859937380173,-1.5361022460552736,-0.7071762692277869,0.0,1.0,1.0,0.0,1.0,0.0,0.0,1.0,0.0,0.0,0.0,1.0,0.0,0.0,1.0,0.0,1.0,0.0,0.0,0.0,0.0,0.0,0.0,0.0,1.0,1.0
136,0.20211948926272919,0.24643711951158404,1.351912430395647,2.2822515388801614,-0.056852860762953525,-0.4567438314745458,1.1955746738186372,0.7672916826050644,1.6449817241850302,0.55443033476619,1.278690387094836,1.0514969079918188,-0.9286815448050668,-0.290667198580055,-2.84051947759037,0.0,1.0,0.0,0.0,1.0,0.0,0.0,0.0,0.0,0.0,1.0,0.0,0.0,0.0,0.0,0.0,1.0,0.0,0.0,0.0,0.0,0.0,1.0,1.0,0.0,0.0
154,0.20211948926272919,1.1735100929123046,1.351912430395647,-0.6257786477574638,-1.2545531275025126,-0.4567438314745458,0.06443216805010606,-1.1959809627649785,-1.9337736964171697,-0.55443033476619,-1.0390887466831842,0.3415118162708471,-0.9286815448050668,0.02069156328874965,0.09282743390818181,0.0,0.0,1.0,0.0,1.0,0.0,1.0,0.0,0.0,0.0,0.0,0.0,1.0,0.0,0.0,0.0,1.0,0.0,1.0,1.0,0.0,0.0,1.0,1.0,0.0,1.0
199,-0.586396049095575,1.1735100929123046,1.351912430395647,-0.6257786477574638,-0.056852860762953525,-0.4567438314745458,0.06443216805010606,1.7489280052900857,-1.0390848412666196,-0.55443033476619,-0.2664957020905108,-0.36847327545012465,-0.9286815448050668,-0.6020259604488597,-0.44050836818246397,0.0,0.0,1.0,1.0,1.0,0.0,0.0,0.0,1.0,0.0,0.0,0.0,1.0,0.0,0.0,1.0,1.0,0.0,0.0,1.0,1.0,0.0,1.0,1.0,1.0,0.0
197,-0.586396049095575,0.24643711951158404,0.4232073695151592,2.2822515388801614,-1.2545531275025126,-0.4567438314745458,-1.0667103377184253,-0.21434464007995704,0.7502928690344802,1.6632910042985698,2.0512834316875095,-0.36847327545012465,0.4955522244664753,-0.6020259604488597,-0.44050836818246397,0.0,1.0,0.0,1.0,1.0,0.0,0.0,0.0,1.0,0.0,1.0,0.0,0.0,1.0,0.0,0.0,0.0,0.0,0.0,1.0,1.0,1.0,1.0,1.0,1.0,0.0
387,1.7791505659793374,-0.6806358538891365,0.4232073695151592,-0.6257786477574638,1.1408474059766056,0.9048698548080624,1.1955746738186372,0.7672916826050644,-1.0390848412666196,-0.55443033476619,-0.2664957020905108,1.0514969079918188,-0.9286815448050668,-1.224743484186469,-1.5071799723637556,1.0,0.0,0.0,0.0,1.0,0.0,0.0,1.0,0.0,0.0,1.0,0.0,0.0,0.0,0.0,0.0,1.0,0.0,0.0,0.0,0.0,1.0,0.0,1.0,1.0,0.0
2,-1.374911587453879,-1.607708827289857,-1.4342027522458163,-0.6257786477574638,-0.056852860762953525,3.6280972273732788,0.06443216805010606,-0.21434464007995704,-1.0390848412666196,0.55443033476619,0.5060973425021627,-0.36847327545012465,0.8516106667843608,-1.224743484186469,-0.7071762692277869,0.0,0.0,1.0,1.0,1.0,0.0,0.0,0.0,0.0,0.0,1.0,0.0,0.0,0.0,1.0,0.0,1.0,0.0,1.0,0.0,1.0,0.0,1.0,1.0,1.0,0.0
204,-0.586396049095575,-0.6806358538891365,-0.5054976913653286,0.8282364455613489,2.3385476727161647,-0.4567438314745458,1.1955746738186372,-0.21434464007995704,1.6449817241850302,-0.55443033476619,-1.0390887466831842,1.0514969079918188,0.13949378214858976,-0.290667198580055,-0.1738404671371411,0.0,0.0,0.0,0.0,1.0,0.0,0.0,1.0,0.0,0.0,0.0,1.0,0.0,0.0,0.0,1.0,1.0,0.0,0.0,1.0,1.0,1.0,0.0,1.0,1.0,0.0
115,-0.586396049095575,1.1735100929123046,1.351912430395647,-0.6257786477574638,-0.056852860762953525,-0.4567438314745458,1.1955746738186372,0.7672916826050644,0.7502928690344802,-0.55443033476619,-0.2664957020905108,1.0514969079918188,-0.5726231024871813,1.2661266107639684,1.1594990380894734,0.0,1.0,1.0,0.0,1.0,0.0,0.0,0.0,1.0,0.0,0.0,0.0,1.0,0.0,0.0,0.0,0.0,0.0,0.0,1.0,0.0,1.0,1.0,1.0,1.0,0.0
228,0.9906350276210333,-0.6806358538891365,-1.4342027522458163,3.736266632198974,-0.056852860762953525,-0.4567438314745458,0.06443216805010606,-0.21434464007995704,-1.0390848412666196,2.7721516738309497,2.0512834316875095,-0.36847327545012465,1.5637275514201319,-0.290667198580055,-0.7071762692277869,0.0,1.0,1.0,1.0,1.0,0.0,0.0,0.0,0.0,0.0,1.0,0.0,0.0,0.0,0.0,0.0,1.0,0.0,1.0,1.0,1.0,1.0,1.0,1.0,1.0,1.0
231,0.20211948926272919,-0.6806358538891365,-0.5054976913653286,0.8282364455613489,-0.056852860762953525,-0.4567438314745458,0.06443216805010606,1.7489280052900857,-1.0390848412666196,-0.55443033476619,-1.0390887466831842,-1.7884434588920681,-0.21656466016929576,0.02069156328874965,0.09282743390818181,0.0,1.0,0.0,0.0,1.0,0.0,1.0,0.0,0.0,0.0,1.0,0.0,0.0,0.0,0.0,0.0,0.0,0.0,0.0,1.0,1.0,1.0,1.0,1.0,1.0,0.0
26,-1.374911587453879,-0.6806358538891365,-0.5054976913653286,-0.6257786477574638,-1.2545531275025126,-0.4567438314745458,0.06443216805010606,-1.1959809627649785,-1.0390848412666196,-0.55443033476619,-0.2664957020905108,1.0514969079918188,-0.5726231024871813,0.3320503251575543,0.3594953349535047,0.0,1.0,1.0,0.0,1.0,0.0,1.0,0.0,0.0,0.0,1.0,0.0,0.0,1.0,0.0,0.0,1.0,0.0,0.0,1.0,1.0,0.0,1.0,1.0,1.0,0.0
120,-1.374911587453879,-1.607708827289857,-0.5054976913653286,-0.6257786477574638,-0.056852860762953525,-0.4567438314745458,-1.0667103377184253,-1.1959809627649785,-0.14439598611606974,-0.55443033476619,-0.2664957020905108,-1.7884434588920681,-0.5726231024871813,1.5774853726327729,1.1594990380894734,0.0,0.0,1.0,0.0,1.0,0.0,0.0,0.0,0.0,0.0,0.0,1.0,0.0,0.0,0.0,0.0,1.0,0.0,0.0,0.0,0.0,0.0,0.0,1.0,1.0,0.0
302,0.20211948926272919,1.1735100929123046,-0.5054976913653286,0.8282364455613489,1.1408474059766056,-0.4567438314745458,0.06443216805010606,-0.21434464007995704,-0.14439598611606974,-0.55443033476619,-1.0390887466831842,-0.36847327545012465,-0.9286815448050668,1.2661266107639684,0.3594953349535047,0.0,0.0,1.0,0.0,1.0,0.0,1.0,0.0,0.0,0.0,1.0,0.0,0.0,0.0,0.0,1.0,1.0,0.0,0.0,1.0,1.0,0.0,1.0,1.0,1.0,0.0
224,-0.586396049095575,1.1735100929123046,1.351912430395647,-0.6257786477574638,1.1408474059766056,-0.4567438314745458,1.1955746738186372,-0.21434464007995704,-1.0390848412666196,-0.55443033476619,-1.0390887466831842,1.0514969079918188,-0.9286815448050668,0.643409087026359,0.6261632359988276,0.0,0.0,1.0,0.0,1.0,0.0,0.0,0.0,1.0,0.0,0.0,1.0,0.0,1.0,0.0,0.0,1.0,0.0,0.0,1.0,0.0,1.0,0.0,1.0,1.0,0.0
237,-0.586396049095575,-0.6806358538891365,-1.4342027522458163,-0.6257786477574638,-1.2545531275025126,-0.4567438314745458,0.06443216805010606,1.7489280052900857,-1.0390848412666196,-0.55443033476619,-1.0390887466831842,1.0514969079918188,2.3292532024035775,0.643409087026359,0.3594953349535047,0.0,0.0,1.0,0.0,1.0,0.0,1.0,0.0,0.0,0.0,1.0,0.0,0.0,1.0,0.0,0.0,1.0,0.0,0.0,0.0,0.0,0.0,1.0,1.0,1.0,1.0
338,0.9906350276210333,0.24643711951158404,0.4232073695151592,-0.6257786477574638,2.3385476727161647,-0.4567438314745458,1.1955746738186372,-0.21434464007995704,-0.14439598611606974,-0.55443033476619,-1.0390887466831842,-1.7884434588920681,0.3175230033075325,1.5774853726327729,1.1594990380894734,0.0,0.0,1.0,1.0,1.0,0.0,0.0,1.0,0.0,0.0,0.0,1.0,0.0,1.0,0.0,0.0,1.0,0.0,0.0,1.0,0.0,0.0,1.0,1.0,1.0,0.0
311,1.7791505659793374,-0.6806358538891365,-1.4342027522458163,2.2822515388801614,-0.056852860762953525,-0.4567438314745458,-1.0667103377184253,0.7672916826050644,-1.9337736964171697,-0.55443033476619,-1.0390887466831842,-1.0784583671710963,2.3292532024035775,0.9547678488951636,0.3594953349535047,0.0,0.0,1.0,0.0,1.0,0.0,0.0,0.0,0.0,0.0,1.0,0.0,0.0,0.0,1.0,0.0,0.0,1.0,0.0,1.0,0.0,0.0,1.0,0.0,1.0,1.0
340,1.7791505659793374,-0.6806358538891365,-1.4342027522458163,-0.6257786477574638,1.1408474059766056,0.9048698548080624,0.06443216805010606,-0.21434464007995704,0.7502928690344802,-0.55443033476619,0.5060973425021627,-0.36847327545012465,-0.21656466016929576,0.02069156328874965,0.3594953349535047,0.0,0.0,1.0,0.0,1.0,0.0,0.0,1.0,0.0,0.0,0.0,1.0,0.0,1.0,0.0,0.0,0.0,1.0,0.0,0.0,1.0,1.0,1.0,1.0,1.0,1.0
127,1.7791505659793374,-2.5347818006905776,-1.4342027522458163,-0.6257786477574638,-0.056852860762953525,3.6280972273732788,-1.0667103377184253,0.7672916826050644,-1.0390848412666196,-0.55443033476619,-1.0390887466831842,1.0514969079918188,-0.5726231024871813,-1.224743484186469,-0.7071762692277869,0.0,0.0,1.0,0.0,1.0,0.0,0.0,0.0,0.0,0.0,1.0,0.0,0.0,0.0,0.0,0.0,0.0,1.0,0.0,1.0,0.0,0.0,0.0,0.0,0.0,0.0
74,-0.586396049095575,0.24643711951158404,0.4232073695151592,-0.6257786477574638,-0.056852860762953525,-0.4567438314745458,0.06443216805010606,-0.21434464007995704,-0.14439598611606974,0.55443033476619,1.278690387094836,1.0514969079918188,2.3292532024035775,0.02069156328874965,0.3594953349535047,0.0,0.0,1.0,0.0,1.0,0.0,1.0,0.0,0.0,0.0,0.0,1.0,0.0,1.0,0.0,0.0,1.0,0.0,1.0,1.0,1.0,1.0,1.0,1.0,1.0,0.0
318,0.20211948926272919,0.24643711951158404,1.351912430395647,-0.6257786477574638,1.1408474059766056,-0.4567438314745458,0.06443216805010606,-0.21434464007995704,0.7502928690344802,0.55443033476619,2.0512834316875095,1.0514969079918188,-0.9286815448050668,0.02069156328874965,0.09282743390818181,0.0,0.0,0.0,0.0,1.0,0.0,0.0,0.0,0.0,0.0,0.0,1.0,0.0,0.0,0.0,0.0,0.0,0.0,0.0,1.0,1.0,1.0,0.0,1.0,1.0,0.0
29,-0.586396049095575,1.1735100929123046,1.351912430395647,-0.6257786477574638,-0.056852860762953525,-0.4567438314745458,0.06443216805010606,0.7672916826050644,1.6449817241850302,3.8810123433633295,2.0512834316875095,1.0514969079918188,1.9197859937380173,-0.290667198580055,0.3594953349535047,0.0,1.0,1.0,0.0,1.0,0.0,0.0,0.0,1.0,0.0,0.0,0.0,1.0,1.0,0.0,0.0,1.0,0.0,0.0,1.0,1.0,1.0,1.0,1.0,1.0,1.0
83,-1.374911587453879,-0.6806358538891365,-0.5054976913653286,0.8282364455613489,-0.056852860762953525,-0.4567438314745458,1.1955746738186372,-0.21434464007995704,-0.14439598611606974,-0.55443033476619,0.5060973425021627,0.3415118162708471,-0.21656466016929576,1.2661266107639684,1.1594990380894734,0.0,1.0,1.0,1.0,1.0,0.0,0.0,1.0,0.0,0.0,0.0,1.0,0.0,1.0,0.0,0.0,1.0,0.0,0.0,0.0,1.0,1.0,1.0,1.0,1.0,0.0
326,0.20211948926272919,0.24643711951158404,0.4232073695151592,-0.6257786477574638,-1.2545531275025126,-0.4567438314745458,0.06443216805010606,-0.21434464007995704,1.6449817241850302,1.6632910042985698,2.0512834316875095,1.0514969079918188,-0.3945938813282385,0.9547678488951636,1.1594990380894734,0.0,1.0,1.0,0.0,1.0,0.0,1.0,0.0,0.0,0.0,0.0,1.0,0.0,0.0,0.0,1.0,1.0,0.0,0.0,0.0,0.0,1.0,0.0,1.0,1.0,0.0
107,-0.586396049095575,0.24643711951158404,0.4232073695151592,-0.6257786477574638,1.1408474059766056,-0.4567438314745458,1.1955746738186372,-0.21434464007995704,-0.14439598611606974,-0.55443033476619,-1.0390887466831842,1.0514969079918188,-0.5726231024871813,1.5774853726327729,1.959502741225442,0.0,1.0,1.0,0.0,1.0,0.0,0.0,1.0,0.0,0.0,1.0,0.0,0.0,1.0,0.0,0.0,0.0,0.0,0.0,1.0,0.0,1.0,1.0,1.0,1.0,0.0
355,0.9906350276210333,0.24643711951158404,0.4232073695151592,-0.6257786477574638,-0.056852860762953525,-0.4567438314745458,1.1955746738186372,-0.21434464007995704,0.7502928690344802,-0.55443033476619,-1.0390887466831842,1.0514969079918188,-0.9286815448050668,-0.290667198580055,-0.44050836818246397,1.0,0.0,1.0,0.0,1.0,0.0,0.0,1.0,0.0,0.0,0.0,1.0,0.0,0.0,0.0,0.0,0.0,0.0,0.0,1.0,0.0,0.0,1.0,1.0,0.0,1.0
310,1.7791505659793374,-1.607708827289857,-0.5054976913653286,-0.6257786477574638,-0.056852860762953525,0.9048698548080624,0.06443216805010606,-1.1959809627649785,0.7502928690344802,0.55443033476619,-0.2664957020905108,-0.36847327545012465,-0.9286815448050668,-0.6020259604488597,-0.44050836818246397,0.0,0.0,1.0,1.0,1.0,0.0,0.0,1.0,0.0,0.0,0.0,1.0,0.0,1.0,0.0,0.0,0.0,1.0,0.0,0.0,0.0,1.0,0.0,1.0,0.0,1.0
133,-0.586396049095575,0.24643711951158404,1.351912430395647,-0.6257786477574638,-1.2545531275025126,-0.4567438314745458,-1.0667103377184253,-1.1959809627649785,-1.9337736964171697,-0.55443033476619,1.278690387094836,1.0514969079918188,1.9197859937380173,0.3320503251575543,0.09282743390818181,0.0,0.0,1.0,0.0,0.0,0.0,0.0,1.0,0.0,0.0,1.0,0.0,0.0,0.0,0.0,0.0,0.0,0.0,0.0,0.0,0.0,0.0,1.0,1.0,1.0,0.0
244,0.9906350276210333,-0.6806358538891365,-1.4342027522458163,0.8282364455613489,1.1408474059766056,-0.4567438314745458,0.06443216805010606,0.7672916826050644,0.7502928690344802,-0.55443033476619,-1.0390887466831842,-0.36847327545012465,-0.9286815448050668,-1.224743484186469,-2.84051947759037,0.0,0.0,1.0,0.0,1.0,0.0,1.0,0.0,0.0,0.0,1.0,0.0,0.0,0.0,0.0,0.0,0.0,1.0,0.0,1.0,1.0,0.0,0.0,1.0,1.0,1.0
184,-0.586396049095575,0.24643711951158404,-0.5054976913653286,-0.6257786477574638,-0.056852860762953525,-0.4567438314745458,-3.3289953492554876,-1.1959809627649785,-1.0390848412666196,-0.55443033476619,-0.2664957020905108,-1.7884434588920681,1.5637275514201319,0.3320503251575543,0.6261632359988276,0.0,0.0,1.0,0.0,1.0,0.0,1.0,0.0,0.0,0.0,1.0,0.0,0.0,0.0,0.0,1.0,1.0,0.0,0.0,1.0,1.0,0.0,1.0,1.0,1.0,0.0
286,0.9906350276210333,-0.6806358538891365,-0.5054976913653286,-0.6257786477574638,1.1408474059766056,-0.4567438314745458,0.06443216805010606,-0.21434464007995704,-0.14439598611606974,-0.55443033476619,-0.2664957020905108,-1.0784583671710963,-0.03853543901035301,2.2002028963703824,1.959502741225442,0.0,0.0,1.0,0.0,1.0,0.0,0.0,0.0,0.0,0.0,0.0,0.0,0.0,0.0,1.0,0.0,1.0,0.0,0.0,1.0,1.0,0.0,1.0,1.0,1.0,0.0
44,-0.586396049095575,-0.6806358538891365,-0.5054976913653286,0.8282364455613489,-0.056852860762953525,0.9048698548080624,0.06443216805010606,-0.21434464007995704,-0.14439598611606974,0.55443033476619,-0.2664957020905108,1.0514969079918188,1.5637275514201319,-0.290667198580055,-0.1738404671371411,0.0,0.0,1.0,1.0,1.0,0.0,1.0,0.0,0.0,0.0,0.0,0.0,0.0,0.0,0.0,0.0,0.0,0.0,1.0,0.0,0.0,1.0,1.0,1.0,1.0,0.0
362,0.9906350276210333,0.24643711951158404,0.4232073695151592,0.8282364455613489,-0.056852860762953525,-0.4567438314745458,0.06443216805010606,-0.21434464007995704,-1.0390848412666196,-0.55443033476619,0.5060973425021627,-0.36847327545012465,-0.9286815448050668,0.02069156328874965,0.09282743390818181,1.0,0.0,1.0,0.0,1.0,0.0,0.0,1.0,0.0,0.0,0.0,1.0,0.0,0.0,1.0,0.0,1.0,0.0,0.0,1.0,0.0,0.0,1.0,1.0,1.0,1.0
65,-0.586396049095575,1.1735100929123046,0.4232073695151592,2.2822515388801614,-0.056852860762953525,-0.4567438314745458,1.1955746738186372,0.7672916826050644,-0.14439598611606974,-0.55443033476619,-0.2664957020905108,-1.7884434588920681,-0.5726231024871813,1.5774853726327729,1.1594990380894734,0.0,0.0,1.0,1.0,1.0,0.0,0.0,0.0,1.0,0.0,0.0,1.0,0.0,0.0,0.0,0.0,1.0,0.0,0.0,1.0,0.0,1.0,1.0,1.0,1.0,0.0
292,0.9906350276210333,-0.6806358538891365,-1.4342027522458163,-0.6257786477574638,-0.056852860762953525,0.9048698548080624,1.1955746738186372,0.7672916826050644,-0.14439598611606974,-0.55443033476619,-1.0390887466831842,1.0514969079918188,1.2076691091022465,0.3320503251575543,0.3594953349535047,0.0,0.0,1.0,1.0,1.0,0.0,0.0,1.0,0.0,0.0,0.0,0.0,0.0,0.0,0.0,1.0,1.0,0.0,0.0,0.0,0.0,0.0,1.0,1.0,1.0,1.0
85,-1.374911587453879,1.1735100929123046,1.351912430395647,0.8282364455613489,-0.056852860762953525,2.2664835410906705,0.06443216805010606,0.7672916826050644,0.7502928690344802,0.55443033476619,0.5060973425021627,1.0514969079918188,0.13949378214858976,-1.224743484186469,-0.44050836818246397,0.0,0.0,1.0,0.0,1.0,0.0,0.0,1.0,0.0,0.0,0.0,1.0,0.0,0.0,0.0,1.0,0.0,0.0,0.0,0.0,1.0,0.0,1.0,1.0,1.0,1.0
242,-0.586396049095575,1.1735100929123046,0.4232073695151592,-0.6257786477574638,-1.2545531275025126,-0.4567438314745458,1.1955746738186372,0.7672916826050644,1.6449817241850302,-0.55443033476619,-1.0390887466831842,-0.36847327545012465,-0.9286815448050668,-1.5361022460552736,-2.84051947759037,0.0,1.0,1.0,1.0,1.0,0.0,0.0,0.0,1.0,0.0,1.0,0.0,0.0,0.0,0.0,0.0,1.0,0.0,0.0,0.0,0.0,1.0,0.0,1.0,1.0,0.0
186,-0.586396049095575,-1.607708827289857,-0.5054976913653286,-0.6257786477574638,-1.2545531275025126,-0.4567438314745458,-1.0667103377184253,-0.21434464007995704,-0.14439598611606974,-0.55443033476619,-0.2664957020905108,-0.36847327545012465,-0.5726231024871813,0.02069156328874965,0.3594953349535047,0.0,1.0,1.0,0.0,1.0,0.0,0.0,1.0,0.0,0.0,0.0,1.0,0.0,0.0,1.0,0.0,1.0,0.0,0.0,1.0,1.0,1.0,1.0,1.0,1.0,1.0
70,-0.586396049095575,0.24643711951158404,-1.4342027522458163,0.8282364455613489,2.3385476727161647,-0.4567438314745458,0.06443216805010606,-0.21434464007995704,-1.0390848412666196,-0.55443033476619,-1.0390887466831842,1.0514969079918188,-0.9286815448050668,0.643409087026359,1.1594990380894734,0.0,1.0,1.0,0.0,1.0,0.0,1.0,0.0,0.0,0.0,1.0,0.0,0.0,0.0,0.0,1.0,0.0,0.0,0.0,1.0,1.0,0.0,1.0,1.0,1.0,0.0
159,-0.586396049095575,0.24643711951158404,0.4232073695151592,-0.6257786477574638,-0.056852860762953525,0.9048698548080624,0.06443216805010606,1.7489280052900857,1.6449817241850302,2.7721516738309497,1.278690387094836,1.0514969079918188,-0.21656466016929576,-0.290667198580055,0.3594953349535047,0.0,1.0,1.0,0.0,1.0,0.0,1.0,0.0,0.0,0.0,0.0,1.0,0.0,0.0,0.0,0.0,0.0,0.0,0.0,1.0,1.0,0.0,1.0,1.0,1.0,1.0
12,-1.374911587453879,1.1735100929123046,1.351912430395647,-0.6257786477574638,-1.2545531275025126,-0.4567438314745458,0.06443216805010606,-0.21434464007995704,-0.14439598611606974,-0.55443033476619,0.5060973425021627,1.0514969079918188,-0.5726231024871813,0.9547678488951636,0.8928311370441505,0.0,1.0,1.0,1.0,1.0,1.0,0.0,0.0,0.0,0.0,0.0,1.0,0.0,0.0,0.0,0.0,0.0,0.0,0.0,1.0,1.0,1.0,1.0,1.0,1.0,0.0
35,-1.374911587453879,-0.6806358538891365,0.4232073695151592,0.8282364455613489,-1.2545531275025126,-0.4567438314745458,-1.0667103377184253,1.7489280052900857,-1.9337736964171697,-0.55443033476619,-1.0390887466831842,1.0514969079918188,-0.9286815448050668,-0.9133847223176643,-0.9738441702731098,0.0,0.0,1.0,0.0,1.0,0.0,1.0,0.0,0.0,0.0,1.0,0.0,0.0,0.0,1.0,0.0,0.0,0.0,0.0,1.0,0.0,1.0,1.0,1.0,0.0,0.0
28,-0.586396049095575,0.24643711951158404,1.351912430395647,-0.6257786477574638,-0.056852860762953525,-0.4567438314745458,1.1955746738186372,-0.21434464007995704,-0.14439598611606974,-0.55443033476619,-1.0390887466831842,1.0514969079918188,-0.21656466016929576,0.02069156328874965,0.09282743390818181,0.0,1.0,1.0,1.0,0.0,0.0,0.0,1.0,0.0,0.0,1.0,0.0,0.0,1.0,0.0,0.0,1.0,0.0,1.0,1.0,0.0,1.0,1.0,1.0,1.0,0.0
170,-0.586396049095575,0.24643711951158404,1.351912430395647,2.2822515388801614,-1.2545531275025126,2.2664835410906705,-1.0667103377184253,0.7672916826050644,1.6449817241850302,0.55443033476619,1.278690387094836,-1.0784583671710963,-0.9286815448050668,-1.5361022460552736,-1.5071799723637556,0.0,1.0,1.0,0.0,1.0,0.0,1.0,0.0,0.0,0.0,1.0,0.0,0.0,0.0,0.0,0.0,0.0,0.0,0.0,1.0,0.0,1.0,0.0,1.0,1.0,0.0
142,-1.374911587453879,1.1735100929123046,1.351912430395647,-0.6257786477574638,1.1408474059766056,-0.4567438314745458,0.06443216805010606,-1.1959809627649785,-1.0390848412666196,-0.55443033476619,-1.0390887466831842,1.0514969079918188,-0.5726231024871813,-0.6020259604488597,0.09282743390818181,0.0,0.0,1.0,0.0,1.0,0.0,0.0,0.0,1.0,0.0,0.0,1.0,0.0,0.0,0.0,0.0,1.0,0.0,0.0,1.0,1.0,1.0,1.0,1.0,1.0,0.0
314,1.7791505659793374,-1.607708827289857,-1.4342027522458163,-0.6257786477574638,1.1408474059766056,2.2664835410906705,0.06443216805010606,-2.1776172854499998,-1.0390848412666196,-0.55443033476619,-1.0390887466831842,-0.36847327545012465,1.5637275514201319,1.2661266107639684,0.6261632359988276,0.0,0.0,1.0,0.0,1.0,0.0,0.0,0.0,0.0,1.0,0.0,0.0,0.0,1.0,0.0,0.0,0.0,1.0,0.0,0.0,0.0,0.0,0.0,1.0,1.0,1.0
268,0.9906350276210333,1.1735100929123046,-0.5054976913653286,-0.6257786477574638,-0.056852860762953525,-0.4567438314745458,1.1955746738186372,0.7672916826050644,1.6449817241850302,-0.55443033476619,0.5060973425021627,1.0514969079918188,0.8516106667843608,-0.290667198580055,-0.44050836818246397,0.0,1.0,1.0,0.0,1.0,1.0,0.0,0.0,0.0,0.0,1.0,0.0,0.0,0.0,0.0,1.0,0.0,0.0,0.0,1.0,1.0,1.0,1.0,1.0,1.0,1.0
221,0.20211948926272919,-1.607708827289857,-1.4342027522458163,-0.6257786477574638,1.1408474059766056,0.9048698548080624,0.06443216805010606,-0.21434464007995704,0.7502928690344802,-0.55443033476619,-1.0390887466831842,1.0514969079918188,-0.9286815448050668,-1.5361022460552736,-1.5071799723637556,0.0,0.0,1.0,0.0,1.0,0.0,0.0,0.0,0.0,0.0,1.0,0.0,0.0,0.0,0.0,1.0,1.0,0.0,0.0,1.0,0.0,1.0,1.0,1.0,0.0,1.0
95,-1.374911587453879,-1.607708827289857,-1.4342027522458163,0.8282364455613489,2.3385476727161647,0.9048698548080624,-1.0667103377184253,-2.1776172854499998,-1.0390848412666196,-0.55443033476619,-1.0390887466831842,-1.7884434588920681,-0.5726231024871813,-1.224743484186469,-0.1738404671371411,0.0,0.0,0.0,0.0,1.0,0.0,0.0,0.0,0.0,0.0,1.0,0.0,0.0,1.0,0.0,0.0,1.0,0.0,1.0,1.0,1.0,1.0,1.0,1.0,1.0,0.0
51,-1.374911587453879,1.1735100929123046,-0.5054976913653286,-0.6257786477574638,-0.056852860762953525,-0.4567438314745458,0.06443216805010606,-0.21434464007995704,-0.14439598611606974,-0.55443033476619,-1.0390887466831842,1.0514969079918188,-0.5726231024871813,0.02069156328874965,0.6261632359988276,0.0,0.0,1.0,1.0,1.0,1.0,0.0,0.0,0.0,0.0,1.0,0.0,0.0,0.0,1.0,0.0,1.0,0.0,0.0,1.0,1.0,0.0,1.0,1.0,1.0,0.0
240,0.20211948926272919,1.1735100929123046,0.4232073695151592,0.8282364455613489,-0.056852860762953525,-0.4567438314745458,-2.1978528434869564,1.7489280052900857,1.6449817241850302,-0.55443033476619,1.278690387094836,1.0514969079918188,1.5637275514201319,0.3320503251575543,0.3594953349535047,0.0,1.0,1.0,1.0,1.0,1.0,0.0,0.0,0.0,0.0,1.0,0.0,0.0,0.0,0.0,0.0,1.0,0.0,0.0,0.0,0.0,1.0,1.0,1.0,1.0,1.0
294,0.9906350276210333,0.24643711951158404,-0.5054976913653286,0.8282364455613489,1.1408474059766056,-0.4567438314745458,1.1955746738186372,0.7672916826050644,-1.0390848412666196,-0.55443033476619,-1.0390887466831842,0.3415118162708471,0.4955522244664753,0.9547678488951636,0.6261632359988276,0.0,1.0,0.0,1.0,1.0,0.0,0.0,1.0,0.0,0.0,1.0,0.0,0.0,0.0,0.0,1.0,1.0,0.0,0.0,1.0,1.0,1.0,1.0,1.0,1.0,0.0
305,0.9906350276210333,-0.6806358538891365,1.351912430395647,-0.6257786477574638,-0.056852860762953525,0.9048698548080624,0.06443216805010606,0.7672916826050644,-0.14439598611606974,-0.55443033476619,-1.0390887466831842,-0.36847327545012465,0.4955522244664753,0.9547678488951636,0.3594953349535047,0.0,0.0,1.0,0.0,1.0,0.0,0.0,1.0,0.0,0.0,0.0,0.0,0.0,0.0,0.0,1.0,0.0,1.0,0.0,1.0,1.0,1.0,1.0,1.0,1.0,0.0
178,-0.586396049095575,1.1735100929123046,-0.5054976913653286,-0.6257786477574638,-1.2545531275025126,-0.4567438314745458,0.06443216805010606,-0.21434464007995704,-0.14439598611606974,1.6632910042985698,1.278690387094836,-0.36847327545012465,0.8516106667843608,-0.290667198580055,-0.7071762692277869,0.0,1.0,0.0,0.0,1.0,0.0,0.0,0.0,1.0,0.0,0.0,1.0,0.0,0.0,1.0,0.0,1.0,0.0,0.0,1.0,0.0,1.0,1.0,1.0,1.0,1.0
41,-1.374911587453879,1.1735100929123046,1.351912430395647,-0.6257786477574638,-1.2545531275025126,-0.4567438314745458,1.1955746738186372,0.7672916826050644,-0.14439598611606974,0.55443033476619,1.278690387094836,1.0514969079918188,0.4955522244664753,0.3320503251575543,0.3594953349535047,0.0,1.0,1.0,1.0,1.0,0.0,0.0,0.0,1.0,0.0,1.0,0.0,0.0,1.0,0.0,0.0,0.0,1.0,0.0,1.0,0.0,0.0,0.0,1.0,1.0,1.0
352,0.9906350276210333,-1.607708827289857,0.4232073695151592,-0.6257786477574638,-1.2545531275025126,0.9048698548080624,0.06443216805010606,-0.21434464007995704,-0.14439598611606974,0.55443033476619,0.5060973425021627,-0.36847327545012465,0.3175230033075325,-0.9133847223176643,-0.9738441702731098,1.0,1.0,1.0,1.0,1.0,0.0,0.0,0.0,0.0,0.0,0.0,1.0,0.0,0.0,0.0,0.0,1.0,0.0,0.0,0.0,0.0,0.0,1.0,0.0,1.0,1.0
206,-0.586396049095575,0.24643711951158404,-1.4342027522458163,-0.6257786477574638,-0.056852860762953525,3.6280972273732788,-2.1978528434869564,-0.21434464007995704,-0.14439598611606974,0.55443033476619,-0.2664957020905108,0.3415118162708471,-0.03853543901035301,-1.224743484186469,-0.9738441702731098,0.0,0.0,1.0,0.0,0.0,0.0,0.0,1.0,0.0,0.0,1.0,0.0,0.0,0.0,0.0,0.0,1.0,0.0,0.0,1.0,1.0,0.0,1.0,1.0,1.0,0.0
254,0.20211948926272919,-0.6806358538891365,-1.4342027522458163,-0.6257786477574638,-1.2545531275025126,-0.4567438314745458,0.06443216805010606,0.7672916826050644,-1.0390848412666196,0.55443033476619,1.278690387094836,1.0514969079918188,-0.9286815448050668,-0.9133847223176643,0.3594953349535047,0.0,1.0,0.0,0.0,1.0,0.0,1.0,0.0,0.0,0.0,1.0,0.0,0.0,0.0,0.0,0.0,1.0,0.0,0.0,0.0,0.0,0.0,0.0,1.0,1.0,0.0
327,0.20211948926272919,-0.6806358538891365,-0.5054976913653286,3.736266632198974,-1.2545531275025126,-0.4567438314745458,0.06443216805010606,0.7672916826050644,1.6449817241850302,3.8810123433633295,2.0512834316875095,0.3415118162708471,0.4955522244664753,0.02069156328874965,-0.1738404671371411,0.0,1.0,0.0,0.0,1.0,0.0,0.0,1.0,0.0,0.0,1.0,0.0,0.0,0.0,0.0,0.0,1.0,0.0,0.0,1.0,0.0,0.0,1.0,1.0,1.0,0.0
4,-0.586396049095575,0.24643711951158404,0.4232073695151592,-0.6257786477574638,-0.056852860762953525,-0.4567438314745458,0.06443216805010606,-0.21434464007995704,-1.0390848412666196,-0.55443033476619,-0.2664957020905108,1.0514969079918188,-0.21656466016929576,-1.5361022460552736,-0.1738404671371411,0.0,0.0,1.0,0.0,1.0,0.0,1.0,0.0,0.0,0.0,1.0,0.0,0.0,1.0,0.0,0.0,0.0,0.0,0.0,1.0,1.0,0.0,1.0,1.0,0.0,0.0
256,0.20211948926272919,1.1735100929123046,-0.5054976913653286,-0.6257786477574638,2.3385476727161647,-0.4567438314745458,0.06443216805010606,-1.1959809627649785,-0.14439598611606974,-0.55443033476619,-1.0390887466831842,0.3415118162708471,0.13949378214858976,0.9547678488951636,0.3594953349535047,0.0,0.0,1.0,1.0,1.0,0.0,0.0,0.0,1.0,0.0,0.0,1.0,0.0,0.0,0.0,1.0,1.0,0.0,0.0,1.0,1.0,1.0,1.0,1.0,1.0,0.0
353,1.7791505659793374,-1.607708827289857,-1.4342027522458163,2.2822515388801614,-1.2545531275025126,0.9048698548080624,0.06443216805010606,0.7672916826050644,0.7502928690344802,1.6632910042985698,0.5060973425021627,1.0514969079918188,-0.21656466016929576,-0.9133847223176643,-0.7071762692277869,1.0,1.0,0.0,0.0,1.0,0.0,1.0,0.0,0.0,0.0,1.0,0.0,0.0,1.0,0.0,0.0,0.0,1.0,0.0,1.0,0.0,0.0,1.0,1.0,1.0,0.0
100,-0.586396049095575,1.1735100929123046,1.351912430395647,-0.6257786477574638,-1.2545531275025126,-0.4567438314745458,0.06443216805010606,1.7489280052900857,1.6449817241850302,3.8810123433633295,2.0512834316875095,0.3415118162708471,1.5637275514201319,-1.224743484186469,-0.9738441702731098,0.0,1.0,1.0,0.0,1.0,0.0,0.0,1.0,0.0,0.0,0.0,1.0,0.0,0.0,1.0,0.0,1.0,0.0,1.0,1.0,1.0,1.0,1.0,1.0,1.0,0.0
226,0.20211948926272919,0.24643711951158404,-0.5054976913653286,-0.6257786477574638,-0.056852860762953525,-0.4567438314745458,1.1955746738186372,-0.21434464007995704,0.7502928690344802,-0.55443033476619,0.5060973425021627,-0.36847327545012465,0.8516106667843608,1.5774853726327729,1.1594990380894734,0.0,0.0,1.0,0.0,1.0,0.0,1.0,0.0,0.0,0.0,1.0,0.0,0.0,0.0,0.0,0.0,1.0,0.0,0.0,0.0,0.0,1.0,0.0,1.0,1.0,0.0
337,0.20211948926272919,0.24643711951158404,-0.5054976913653286,-0.6257786477574638,-0.056852860762953525,-0.4567438314745458,0.06443216805010606,-0.21434464007995704,-1.0390848412666196,0.55443033476619,0.5060973425021627,-1.0784583671710963,-0.9286815448050668,-1.224743484186469,-0.7071762692277869,0.0,0.0,1.0,0.0,1.0,0.0,1.0,0.0,0.0,0.0,1.0,0.0,0.0,1.0,0.0,0.0,1.0,0.0,0.0,1.0,1.0,0.0,1.0,1.0,1.0,1.0
213,0.9906350276210333,-0.6806358538891365,-0.5054976913653286,-0.6257786477574638,-0.056852860762953525,0.9048698548080624,0.06443216805010606,0.7672916826050644,0.7502928690344802,0.55443033476619,1.278690387094836,1.0514969079918188,1.7417567725790746,-1.5361022460552736,-0.9738441702731098,0.0,1.0,1.0,0.0,1.0,0.0,0.0,1.0,0.0,0.0,1.0,0.0,0.0,1.0,0.0,0.0,1.0,0.0,0.0,1.0,1.0,1.0,1.0,1.0,1.0,0.0
171,-0.586396049095575,-1.607708827289857,-2.362907813126304,0.8282364455613489,-0.056852860762953525,-0.4567438314745458,0.06443216805010606,-0.21434464007995704,-1.0390848412666196,-0.55443033476619,-1.0390887466831842,-0.36847327545012465,-0.5726231024871813,0.643409087026359,1.1594990380894734,0.0,1.0,1.0,0.0,1.0,0.0,1.0,0.0,0.0,0.0,1.0,0.0,0.0,0.0,0.0,1.0,1.0,0.0,0.0,1.0,1.0,1.0,1.0,1.0,1.0,1.0
98,-0.586396049095575,1.1735100929123046,1.351912430395647,-0.6257786477574638,-1.2545531275025126,-0.4567438314745458,1.1955746738186372,-0.21434464007995704,0.7502928690344802,-0.55443033476619,-0.2664957020905108,-1.7884434588920681,0.13949378214858976,0.02069156328874965,0.8928311370441505,0.0,0.0,1.0,0.0,1.0,0.0,1.0,0.0,0.0,0.0,1.0,0.0,0.0,0.0,0.0,1.0,1.0,0.0,0.0,0.0,0.0,1.0,0.0,1.0,1.0,0.0
215,0.20211948926272919,0.24643711951158404,-0.5054976913653286,0.8282364455613489,-0.056852860762953525,-0.4567438314745458,0.06443216805010606,0.7672916826050644,0.7502928690344802,-0.55443033476619,0.5060973425021627,-1.7884434588920681,-0.5726231024871813,0.9547678488951636,1.1594990380894734,0.0,0.0,1.0,1.0,1.0,0.0,1.0,0.0,0.0,0.0,1.0,0.0,0.0,0.0,0.0,1.0,1.0,0.0,0.0,0.0,1.0,0.0,1.0,1.0,1.0,0.0
61,-0.586396049095575,-1.607708827289857,-1.4342027522458163,3.736266632198974,-1.2545531275025126,-0.4567438314745458,1.1955746738186372,1.7489280052900857,1.6449817241850302,3.8810123433633295,2.0512834316875095,1.0514969079918188,0.13949378214858976,-0.290667198580055,-0.7071762692277869,0.0,0.0,1.0,0.0,1.0,0.0,0.0,1.0,0.0,0.0,0.0,1.0,0.0,0.0,0.0,0.0,0.0,0.0,1.0,1.0,0.0,1.0,0.0,1.0,1.0,1.0
47,-0.586396049095575,1.1735100929123046,0.4232073695151592,-0.6257786477574638,2.3385476727161647,-0.4567438314745458,0.06443216805010606,-1.1959809627649785,-1.0390848412666196,-0.55443033476619,-1.0390887466831842,-1.0784583671710963,-0.21656466016929576,2.511561658239187,2.2261706422707648,0.0,1.0,1.0,0.0,1.0,1.0,0.0,0.0,0.0,0.0,0.0,1.0,0.0,0.0,0.0,1.0,1.0,0.0,0.0,0.0,0.0,1.0,1.0,1.0,1.0,0.0
32,-1.374911587453879,1.1735100929123046,0.4232073695151592,-0.6257786477574638,-0.056852860762953525,-0.4567438314745458,0.06443216805010606,1.7489280052900857,-1.0390848412666196,-0.55443033476619,-1.0390887466831842,1.0514969079918188,-0.9286815448050668,1.8888441345015776,1.4261669391347962,0.0,1.0,0.0,0.0,1.0,0.0,0.0,0.0,1.0,0.0,0.0,0.0,0.0,0.0,0.0,0.0,1.0,0.0,0.0,1.0,0.0,1.0,1.0,1.0,1.0,1.0
267,0.9906350276210333,1.1735100929123046,1.351912430395647,0.8282364455613489,-0.056852860762953525,-0.4567438314745458,0.06443216805010606,-0.21434464007995704,0.7502928690344802,0.55443033476619,-0.2664957020905108,0.3415118162708471,0.4955522244664753,0.3320503251575543,-0.1738404671371411,0.0,0.0,0.0,0.0,1.0,0.0,0.0,0.0,1.0,0.0,1.0,0.0,0.0,0.0,0.0,1.0,1.0,0.0,0.0,0.0,1.0,1.0,1.0,1.0,1.0,0.0
200,-0.586396049095575,1.1735100929123046,0.4232073695151592,-0.6257786477574638,-0.056852860762953525,-0.4567438314745458,0.06443216805010606,-0.21434464007995704,1.6449817241850302,-0.55443033476619,2.0512834316875095,-1.0784583671710963,-0.5726231024871813,1.5774853726327729,1.4261669391347962,0.0,0.0,1.0,0.0,1.0,1.0,0.0,0.0,0.0,0.0,1.0,0.0,0.0,1.0,0.0,0.0,1.0,0.0,0.0,1.0,0.0,1.0,1.0,1.0,1.0,0.0
351,0.20211948926272919,0.24643711951158404,0.4232073695151592,0.8282364455613489,-0.056852860762953525,-0.4567438314745458,0.06443216805010606,1.7489280052900857,0.7502928690344802,0.55443033476619,0.5060973425021627,-0.36847327545012465,-0.5726231024871813,0.643409087026359,0.6261632359988276,1.0,1.0,1.0,0.0,1.0,1.0,0.0,0.0,0.0,0.0,1.0,0.0,0.0,0.0,0.0,0.0,1.0,0.0,0.0,1.0,1.0,0.0,1.0,1.0,1.0,0.0
27,-1.374911587453879,1.1735100929123046,-0.5054976913653286,-0.6257786477574638,-1.2545531275025126,-0.4567438314745458,-2.1978528434869564,-1.1959809627649785,0.7502928690344802,0.55443033476619,1.278690387094836,-1.7884434588920681,-0.21656466016929576,1.2661266107639684,1.4261669391347962,0.0,1.0,1.0,0.0,1.0,1.0,0.0,0.0,0.0,0.0,0.0,1.0,0.0,0.0,1.0,0.0,1.0,0.0,0.0,0.0,1.0,0.0,1.0,1.0,1.0,0.0
376,2.5676661043376416,1.1735100929123046,-0.5054976913653286,0.8282364455613489,1.1408474059766056,2.2664835410906705,1.1955746738186372,0.7672916826050644,-0.14439598611606974,-0.55443033476619,-1.0390887466831842,-0.36847327545012465,-0.21656466016929576,1.2661266107639684,0.8928311370441505,1.0,0.0,1.0,0.0,1.0,1.0,0.0,0.0,0.0,0.0,1.0,0.0,0.0,0.0,0.0,0.0,0.0,1.0,0.0,1.0,1.0,0.0,0.0,1.0,1.0,1.0
230,0.20211948926272919,1.1735100929123046,0.4232073695151592,-0.6257786477574638,-0.056852860762953525,-0.4567438314745458,-1.0667103377184253,-1.1959809627649785,-0.14439598611606974,-0.55443033476619,-0.2664957020905108,-0.36847327545012465,1.5637275514201319,0.643409087026359,0.6261632359988276,0.0,0.0,1.0,1.0,1.0,1.0,0.0,0.0,0.0,0.0,1.0,0.0,0.0,0.0,0.0,1.0,0.0,0.0,0.0,0.0,0.0,1.0,1.0,1.0,1.0,1.0
260,0.9906350276210333,1.1735100929123046,0.4232073695151592,-0.6257786477574638,-0.056852860762953525,-0.4567438314745458,-1.0667103377184253,-2.1776172854499998,-1.0390848412666196,-0.55443033476619,0.5060973425021627,-1.0784583671710963,2.3292532024035775,1.8888441345015776,1.959502741225442,0.0,0.0,1.0,0.0,1.0,0.0,0.0,1.0,0.0,0.0,1.0,0.0,0.0,1.0,0.0,0.0,0.0,0.0,0.0,1.0,1.0,0.0,1.0,1.0,1.0,1.0
288,0.9906350276210333,-0.6806358538891365,-1.4342027522458163,-0.6257786477574638,1.1408474059766056,-0.4567438314745458,0.06443216805010606,-1.1959809627649785,0.7502928690344802,-0.55443033476619,0.5060973425021627,-1.0784583671710963,0.13949378214858976,1.2661266107639684,0.8928311370441505,0.0,1.0,1.0,0.0,1.0,0.0,0.0,1.0,0.0,0.0,0.0,1.0,0.0,0.0,0.0,1.0,1.0,0.0,0.0,0.0,1.0,1.0,1.0,1.0,1.0,0.0
162,-0.586396049095575,-1.607708827289857,-0.5054976913653286,0.8282364455613489,-1.2545531275025126,0.9048698548080624,0.06443216805010606,0.7672916826050644,0.7502928690344802,0.55443033476619,1.278690387094836,1.0514969079918188,-0.9286815448050668,-1.224743484186469,-2.84051947759037,0.0,1.0,1.0,1.0,1.0,0.0,1.0,0.0,0.0,0.0,1.0,0.0,0.0,0.0,0.0,0.0,1.0,0.0,0.0,0.0,0.0,1.0,1.0,1.0,0.0,0.0
335,0.20211948926272919,0.24643711951158404,1.351912430395647,-0.6257786477574638,1.1408474059766056,-0.4567438314745458,0.06443216805010606,0.7672916826050644,1.6449817241850302,-0.55443033476619,0.5060973425021627,1.0514969079918188,1.9197859937380173,1.5774853726327729,1.1594990380894734,0.0,0.0,1.0,0.0,1.0,0.0,0.0,1.0,0.0,0.0,1.0,0.0,0.0,0.0,0.0,0.0,1.0,0.0,0.0,0.0,0.0,0.0,1.0,1.0,1.0,0.0
138,-0.586396049095575,-1.607708827289857,-1.4342027522458163,-0.6257786477574638,-0.056852860762953525,0.9048698548080624,0.06443216805010606,0.7672916826050644,0.7502928690344802,-0.55443033476619,0.5060973425021627,1.0514969079918188,-0.9286815448050668,0.9547678488951636,0.3594953349535047,0.0,1.0,1.0,1.0,1.0,0.0,0.0,1.0,0.0,0.0,1.0,0.0,0.0,0.0,0.0,0.0,1.0,0.0,0.0,0.0,0.0,0.0,1.0,1.0,0.0,1.0
62,-0.586396049095575,-1.607708827289857,-0.5054976913653286,-0.6257786477574638,-0.056852860762953525,-0.4567438314745458,0.06443216805010606,0.7672916826050644,-0.14439598611606974,-0.55443033476619,-1.0390887466831842,-1.7884434588920681,-0.21656466016929576,-0.9133847223176643,-0.1738404671371411,0.0,0.0,1.0,1.0,1.0,0.0,1.0,0.0,0.0,0.0,0.0,1.0,0.0,0.0,0.0,1.0,0.0,0.0,1.0,0.0,0.0,1.0,1.0,1.0,1.0,0.0
135,-1.374911587453879,1.1735100929123046,1.351912430395647,-0.6257786477574638,1.1408474059766056,-0.4567438314745458,0.06443216805010606,-0.21434464007995704,-0.14439598611606974,-0.55443033476619,-1.0390887466831842,1.0514969079918188,-0.9286815448050668,0.02069156328874965,-2.84051947759037,0.0,0.0,1.0,0.0,1.0,0.0,0.0,1.0,0.0,0.0,0.0,0.0,0.0,0.0,0.0,0.0,1.0,0.0,0.0,1.0,0.0,1.0,1.0,1.0,1.0,1.0
128,0.9906350276210333,-0.6806358538891365,-0.5054976913653286,-0.6257786477574638,-1.2545531275025126,2.2664835410906705,-1.0667103377184253,-0.21434464007995704,-0.14439598611606974,-0.55443033476619,-0.2664957020905108,0.3415118162708471,-0.9286815448050668,-1.224743484186469,-1.7738478734090783,0.0,1.0,0.0,0.0,1.0,0.0,0.0,1.0,0.0,0.0,1.0,0.0,0.0,0.0,0.0,1.0,1.0,0.0,0.0,1.0,0.0,1.0,1.0,1.0,1.0,0.0
8,-1.374911587453879,0.24643711951158404,-0.5054976913653286,-0.6257786477574638,-0.056852860762953525,-0.4567438314745458,0.06443216805010606,-1.1959809627649785,-1.0390848412666196,-0.55443033476619,-1.0390887466831842,-1.7884434588920681,-0.9286815448050668,1.5774853726327729,1.959502741225442,0.0,1.0,1.0,1.0,0.0,0.0,0.0,1.0,0.0,0.0,1.0,0.0,0.0,1.0,0.0,0.0,1.0,0.0,0.0,1.0,1.0,0.0,1.0,1.0,1.0,0.0
64,-1.374911587453879,1.1735100929123046,0.4232073695151592,-0.6257786477574638,-0.056852860762953525,-0.4567438314745458,0.06443216805010606,0.7672916826050644,0.7502928690344802,0.55443033476619,1.278690387094836,-1.0784583671710963,-0.9286815448050668,-0.290667198580055,-0.1738404671371411,0.0,0.0,1.0,1.0,1.0,0.0,0.0,1.0,0.0,0.0,0.0,1.0,0.0,0.0,0.0,1.0,0.0,0.0,1.0,0.0,0.0,1.0,1.0,1.0,1.0,1.0
300,0.9906350276210333,1.1735100929123046,1.351912430395647,-0.6257786477574638,-0.056852860762953525,-0.4567438314745458,0.06443216805010606,-1.1959809627649785,0.7502928690344802,-0.55443033476619,-1.0390887466831842,0.3415118162708471,1.5637275514201319,0.3320503251575543,-0.1738404671371411,0.0,0.0,1.0,1.0,0.0,1.0,0.0,0.0,0.0,0.0,1.0,0.0,0.0,1.0,0.0,0.0,1.0,0.0,0.0,1.0,0.0,0.0,1.0,1.0,1.0,1.0
14,-1.374911587453879,-0.6806358538891365,-0.5054976913653286,-0.6257786477574638,1.1408474059766056,-0.4567438314745458,0.06443216805010606,1.7489280052900857,-1.0390848412666196,-0.55443033476619,-1.0390887466831842,-0.36847327545012465,-0.9286815448050668,0.9547678488951636,1.4261669391347962,0.0,1.0,1.0,0.0,0.0,0.0,1.0,0.0,0.0,0.0,1.0,0.0,0.0,1.0,0.0,0.0,0.0,1.0,0.0,1.0,0.0,0.0,1.0,1.0,1.0,1.0
156,0.20211948926272919,-1.607708827289857,-0.5054976913653286,-0.6257786477574638,-1.2545531275025126,-0.4567438314745458,-2.1978528434869564,-1.1959809627649785,-1.0390848412666196,1.6632910042985698,0.5060973425021627,1.0514969079918188,0.4955522244664753,1.5774853726327729,0.3594953349535047,0.0,1.0,0.0,1.0,1.0,0.0,1.0,0.0,0.0,0.0,1.0,0.0,0.0,0.0,0.0,1.0,1.0,0.0,0.0,0.0,0.0,0.0,1.0,1.0,0.0,0.0
40,-0.586396049095575,-0.6806358538891365,-0.5054976913653286,0.8282364455613489,-0.056852860762953525,0.9048698548080624,-1.0667103377184253,-0.21434464007995704,-0.14439598611606974,-0.55443033476619,-0.2664957020905108,-0.36847327545012465,2.3292532024035775,-1.224743484186469,-0.1738404671371411,0.0,0.0,1.0,1.0,1.0,0.0,1.0,0.0,0.0,0.0,1.0,0.0,0.0,1.0,0.0,0.0,1.0,0.0,0.0,1.0,0.0,1.0,0.0,1.0,1.0,1.0
361,0.9906350276210333,-1.607708827289857,-1.4342027522458163,0.8282364455613489,-0.056852860762953525,0.9048698548080624,0.06443216805010606,0.7672916826050644,-0.14439598611606974,0.55443033476619,0.5060973425021627,1.0514969079918188,-0.5726231024871813,0.643409087026359,0.3594953349535047,1.0,1.0,0.0,1.0,1.0,0.0,0.0,0.0,0.0,0.0,1.0,0.0,0.0,0.0,1.0,0.0,1.0,0.0,0.0,0.0,0.0,1.0,0.0,0.0,0.0,0.0
354,0.20211948926272919,1.1735100929123046,0.4232073695151592,0.8282364455613489,-0.056852860762953525,-0.4567438314745458,0.06443216805010606,1.7489280052900857,1.6449817241850302,-0.55443033476619,0.5060973425021627,-1.0784583671710963,-0.21656466016929576,0.643409087026359,0.09282743390818181,1.0,1.0,0.0,0.0,1.0,0.0,0.0,1.0,0.0,0.0,1.0,0.0,0.0,1.0,0.0,0.0,1.0,0.0,0.0,1.0,1.0,1.0,0.0,1.0,1.0,1.0
216,0.20211948926272919,1.1735100929123046,0.4232073695151592,-0.6257786477574638,-0.056852860762953525,2.2664835410906705,-1.0667103377184253,0.7672916826050644,1.6449817241850302,0.55443033476619,1.278690387094836,-1.7884434588920681,2.3292532024035775,-1.5361022460552736,-1.2405120713184326,0.0,0.0,1.0,0.0,1.0,0.0,1.0,0.0,0.0,0.0,1.0,0.0,0.0,0.0,0.0,1.0,1.0,0.0,0.0,0.0,1.0,0.0,1.0,1.0,1.0,1.0
279,0.9906350276210333,1.1735100929123046,0.4232073695151592,0.8282364455613489,-1.2545531275025126,-0.4567438314745458,0.06443216805010606,-1.1959809627649785,-0.14439598611606974,-0.55443033476619,-0.2664957020905108,-1.7884434588920681,0.4955522244664753,-0.290667198580055,0.09282743390818181,0.0,1.0,1.0,1.0,1.0,0.0,0.0,0.0,1.0,0.0,0.0,1.0,0.0,0.0,0.0,0.0,1.0,0.0,0.0,0.0,1.0,1.0,1.0,1.0,1.0,0.0
341,0.9906350276210333,1.1735100929123046,1.351912430395647,-0.6257786477574638,-0.056852860762953525,0.9048698548080624,0.06443216805010606,-0.21434464007995704,-0.14439598611606974,0.55443033476619,-0.2664957020905108,-1.0784583671710963,-0.9286815448050668,-0.290667198580055,-0.1738404671371411,0.0,1.0,1.0,0.0,1.0,0.0,0.0,0.0,1.0,0.0,0.0,1.0,0.0,1.0,0.0,0.0,0.0,0.0,0.0,1.0,0.0,1.0,1.0,1.0,1.0,0.0
236,0.20211948926272919,-0.6806358538891365,-0.5054976913653286,-0.6257786477574638,-0.056852860762953525,-0.4567438314745458,0.06443216805010606,0.7672916826050644,-1.0390848412666196,3.8810123433633295,2.0512834316875095,0.3415118162708471,-0.21656466016929576,0.9547678488951636,0.6261632359988276,0.0,1.0,1.0,1.0,1.0,0.0,1.0,0.0,0.0,0.0,1.0,0.0,0.0,1.0,0.0,0.0,0.0,0.0,0.0,0.0,1.0,1.0,0.0,1.0,1.0,1.0
207,-0.586396049095575,1.1735100929123046,0.4232073695151592,-0.6257786477574638,-0.056852860762953525,-0.4567438314745458,-3.3289953492554876,-0.21434464007995704,-1.0390848412666196,-0.55443033476619,-1.0390887466831842,-1.7884434588920681,0.8516106667843608,0.02069156328874965,0.3594953349535047,0.0,0.0,1.0,0.0,1.0,0.0,0.0,0.0,1.0,0.0,1.0,0.0,0.0,0.0,1.0,0.0,1.0,0.0,0.0,0.0,1.0,1.0,1.0,1.0,1.0,1.0
212,-0.586396049095575,-0.6806358538891365,-0.5054976913653286,-0.6257786477574638,-0.056852860762953525,-0.4567438314745458,-1.0667103377184253,-0.21434464007995704,0.7502928690344802,-0.55443033476619,-1.0390887466831842,0.3415118162708471,-0.9286815448050668,0.3320503251575543,0.6261632359988276,0.0,0.0,1.0,0.0,0.0,0.0,1.0,0.0,0.0,0.0,1.0,0.0,0.0,0.0,0.0,1.0,1.0,0.0,1.0,1.0,1.0,0.0,1.0,1.0,1.0,0.0
295,0.20211948926272919,0.24643711951158404,0.4232073695151592,-0.6257786477574638,-1.2545531275025126,-0.4567438314745458,0.06443216805010606,0.7672916826050644,-0.14439598611606974,-0.55443033476619,0.5060973425021627,1.0514969079918188,-0.21656466016929576,0.9547678488951636,0.3594953349535047,0.0,1.0,1.0,0.0,1.0,1.0,0.0,0.0,0.0,0.0,1.0,0.0,0.0,1.0,0.0,0.0,1.0,0.0,0.0,1.0,1.0,0.0,1.0,1.0,1.0,0.0
380,0.9906350276210333,1.1735100929123046,1.351912430395647,-0.6257786477574638,-0.056852860762953525,-0.4567438314745458,-1.0667103377184253,-1.1959809627649785,0.7502928690344802,-0.55443033476619,1.278690387094836,-1.0784583671710963,-0.21656466016929576,1.2661266107639684,0.8928311370441505,1.0,1.0,1.0,0.0,1.0,0.0,0.0,0.0,1.0,0.0,0.0,0.0,1.0,1.0,0.0,0.0,0.0,0.0,0.0,0.0,1.0,1.0,0.0,1.0,1.0,0.0
251,-0.586396049095575,0.24643711951158404,0.4232073695151592,2.2822515388801614,-0.056852860762953525,-0.4567438314745458,1.1955746738186372,-0.21434464007995704,-0.14439598611606974,-0.55443033476619,0.5060973425021627,-1.0784583671710963,0.13949378214858976,-1.224743484186469,-0.1738404671371411,0.0,1.0,1.0,0.0,1.0,0.0,0.0,0.0,0.0,0.0,1.0,0.0,0.0,0.0,0.0,1.0,0.0,1.0,1.0,1.0,0.0,0.0,0.0,1.0,1.0,0.0
385,0.9906350276210333,-0.6806358538891365,-0.5054976913653286,0.8282364455613489,1.1408474059766056,-0.4567438314745458,1.1955746738186372,-0.21434464007995704,-0.14439598611606974,-0.55443033476619,0.5060973425021627,0.3415118162708471,-0.5726231024871813,-0.290667198580055,-0.44050836818246397,1.0,0.0,0.0,0.0,1.0,0.0,0.0,0.0,0.0,0.0,1.0,0.0,0.0,0.0,1.0,0.0,1.0,0.0,0.0,0.0,1.0,0.0,1.0,1.0,0.0,0.0
360,0.9906350276210333,-1.607708827289857,1.351912430395647,2.2822515388801614,-0.056852860762953525,-0.4567438314745458,0.06443216805010606,-0.21434464007995704,0.7502928690344802,-0.55443033476619,1.278690387094836,1.0514969079918188,-0.9286815448050668,0.643409087026359,0.6261632359988276,1.0,0.0,0.0,1.0,0.0,0.0,0.0,0.0,0.0,0.0,1.0,0.0,0.0,0.0,0.0,0.0,1.0,0.0,0.0,0.0,0.0,0.0,1.0,1.0,0.0,1.0
303,0.20211948926272919,0.24643711951158404,-0.5054976913653286,-0.6257786477574638,2.3385476727161647,-0.4567438314745458,1.1955746738186372,-1.1959809627649785,-1.0390848412666196,-0.55443033476619,-0.2664957020905108,1.0514969079918188,-0.9286815448050668,1.8888441345015776,1.6928348401801192,0.0,0.0,1.0,0.0,1.0,1.0,0.0,0.0,0.0,1.0,0.0,0.0,0.0,0.0,0.0,1.0,0.0,0.0,0.0,1.0,1.0,1.0,0.0,1.0,1.0,0.0
269,0.9906350276210333,-0.6806358538891365,-1.4342027522458163,0.8282364455613489,-0.056852860762953525,-0.4567438314745458,0.06443216805010606,-0.21434464007995704,1.6449817241850302,-0.55443033476619,-0.2664957020905108,-0.36847327545012465,-0.9286815448050668,-1.5361022460552736,-2.84051947759037,0.0,0.0,0.0,0.0,1.0,0.0,1.0,0.0,0.0,0.0,1.0,0.0,0.0,0.0,0.0,1.0,1.0,0.0,0.0,1.0,0.0,0.0,1.0,0.0,1.0,1.0
201,-0.586396049095575,-0.6806358538891365,0.4232073695151592,-0.6257786477574638,-0.056852860762953525,-0.4567438314745458,0.06443216805010606,0.7672916826050644,-0.14439598611606974,-0.55443033476619,0.5060973425021627,0.3415118162708471,0.13949378214858976,-0.9133847223176643,-0.1738404671371411,0.0,0.0,1.0,0.0,1.0,0.0,1.0,0.0,0.0,0.0,1.0,0.0,0.0,0.0,0.0,1.0,1.0,0.0,1.0,1.0,1.0,1.0,1.0,1.0,0.0,0.0
161,-1.374911587453879,0.24643711951158404,-0.5054976913653286,0.8282364455613489,-0.056852860762953525,2.2664835410906705,0.06443216805010606,0.7672916826050644,0.7502928690344802,-0.55443033476619,1.278690387094836,-0.36847327545012465,0.13949378214858976,-1.8474610079240783,-0.44050836818246397,0.0,1.0,0.0,0.0,1.0,0.0,1.0,0.0,0.0,0.0,1.0,0.0,0.0,0.0,0.0,0.0,1.0,0.0,1.0,1.0,0.0,0.0,1.0,1.0,1.0,1.0
43,-1.374911587453879,-0.6806358538891365,-0.5054976913653286,-0.6257786477574638,-1.2545531275025126,-0.4567438314745458,1.1955746738186372,0.7672916826050644,-1.9337736964171697,-0.55443033476619,-1.0390887466831842,-1.7884434588920681,-0.9286815448050668,-0.9133847223176643,-0.7071762692277869,0.0,1.0,1.0,0.0,1.0,0.0,0.0,1.0,0.0,0.0,0.0,1.0,0.0,0.0,0.0,0.0,0.0,0.0,1.0,1.0,0.0,0.0,1.0,1.0,1.0,0.0
217,0.9906350276210333,0.24643711951158404,0.4232073695151592,-0.6257786477574638,-0.056852860762953525,0.9048698548080624,-1.0667103377184253,-1.1959809627649785,0.7502928690344802,0.55443033476619,1.278690387094836,0.3415118162708471,1.3856983302611892,-1.5361022460552736,-1.2405120713184326,0.0,1.0,1.0,1.0,1.0,0.0,0.0,1.0,0.0,1.0,0.0,0.0,0.0,1.0,0.0,0.0,0.0,0.0,0.0,1.0,1.0,0.0,1.0,1.0,1.0,0.0
190,-0.586396049095575,-0.6806358538891365,0.4232073695151592,-0.6257786477574638,-0.056852860762953525,-0.4567438314745458,0.06443216805010606,-0.21434464007995704,-0.14439598611606974,-0.55443033476619,-1.0390887466831842,-1.0784583671710963,0.8516106667843608,0.02069156328874965,0.3594953349535047,0.0,0.0,1.0,0.0,1.0,0.0,0.0,1.0,0.0,0.0,0.0,1.0,0.0,0.0,0.0,0.0,1.0,0.0,0.0,0.0,0.0,0.0,1.0,1.0,1.0,0.0
309,1.7791505659793374,-1.607708827289857,-1.4342027522458163,-0.6257786477574638,-0.056852860762953525,0.9048698548080624,0.06443216805010606,0.7672916826050644,-0.14439598611606974,-0.55443033476619,0.5060973425021627,-0.36847327545012465,2.2758444360559027,0.3320503251575543,-0.1738404671371411,0.0,0.0,1.0,1.0,1.0,0.0,0.0,0.0,0.0,0.0,1.0,0.0,0.0,0.0,0.0,1.0,0.0,1.0,1.0,1.0,0.0,1.0,0.0,1.0,1.0,0.0
259,0.20211948926272919,-0.6806358538891365,-0.5054976913653286,-0.6257786477574638,2.3385476727161647,-0.4567438314745458,-1.0667103377184253,0.7672916826050644,-1.9337736964171697,-0.55443033476619,-1.0390887466831842,-1.0784583671710963,-0.9286815448050668,-0.290667198580055,-0.44050836818246397,0.0,0.0,1.0,1.0,1.0,0.0,0.0,1.0,0.0,0.0,0.0,1.0,0.0,0.0,0.0,0.0,0.0,0.0,0.0,0.0,1.0,1.0,1.0,1.0,1.0,1.0
105,-1.374911587453879,0.24643711951158404,0.4232073695151592,-0.6257786477574638,2.3385476727161647,-0.4567438314745458,0.06443216805010606,-0.21434464007995704,-0.14439598611606974,-0.55443033476619,-1.0390887466831842,0.3415118162708471,0.8516106667843608,-0.290667198580055,0.09282743390818181,0.0,0.0,1.0,0.0,0.0,0.0,1.0,0.0,0.0,1.0,0.0,0.0,0.0,0.0,0.0,1.0,0.0,0.0,1.0,0.0,0.0,0.0,1.0,1.0,0.0,0.0
53,-1.374911587453879,1.1735100929123046,1.351912430395647,-0.6257786477574638,-1.2545531275025126,-0.4567438314745458,-1.0667103377184253,-0.21434464007995704,0.7502928690344802,0.55443033476619,0.5060973425021627,1.0514969079918188,-0.9286815448050668,-0.9133847223176643,-0.1738404671371411,0.0,0.0,1.0,0.0,1.0,0.0,0.0,1.0,0.0,0.0,0.0,1.0,0.0,0.0,0.0,0.0,1.0,0.0,1.0,1.0,1.0,0.0,1.0,1.0,1.0,0.0
1,0.20211948926272919,-1.607708827289857,-1.4342027522458163,-0.6257786477574638,-0.056852860762953525,-0.4567438314745458,1.1955746738186372,-0.21434464007995704,-0.14439598611606974,-0.55443033476619,-1.0390887466831842,-0.36847327545012465,-0.21656466016929576,-1.8474610079240783,-1.5071799723637556,0.0,0.0,1.0,0.0,1.0,0.0,0.0,0.0,0.0,0.0,1.0,0.0,0.0,0.0,0.0,0.0,0.0,0.0,0.0,1.0,0.0,0.0,0.0,1.0,1.0,0.0
49,-1.374911587453879,1.1735100929123046,1.351912430395647,-0.6257786477574638,-0.056852860762953525,0.9048698548080624,0.06443216805010606,0.7672916826050644,0.7502928690344802,-0.55443033476619,-1.0390887466831842,-0.36847327545012465,-0.5726231024871813,-1.224743484186469,-0.9738441702731098,0.0,0.0,1.0,0.0,1.0,0.0,0.0,1.0,0.0,0.0,0.0,0.0,1.0,0.0,1.0,0.0,0.0,0.0,1.0,1.0,0.0,1.0,0.0,1.0,1.0,0.0
80,-1.374911587453879,-0.6806358538891365,0.4232073695151592,-0.6257786477574638,-1.2545531275025126,-0.4567438314745458,-1.0667103377184253,-1.1959809627649785,-1.0390848412666196,-0.55443033476619,0.5060973425021627,-0.36847327545012465,-0.5726231024871813,-0.290667198580055,0.3594953349535047,0.0,1.0,1.0,0.0,1.0,0.0,1.0,0.0,0.0,0.0,0.0,1.0,0.0,0.0,0.0,0.0,0.0,0.0,1.0,1.0,1.0,1.0,0.0,1.0,1.0,1.0
205,0.20211948926272919,0.24643711951158404,1.351912430395647,-0.6257786477574638,1.1408474059766056,0.9048698548080624,0.06443216805010606,0.7672916826050644,-0.14439598611606974,1.6632910042985698,1.278690387094836,1.0514969079918188,2.3292532024035775,-0.290667198580055,-0.44050836818246397,0.0,0.0,1.0,0.0,1.0,0.0,0.0,0.0,0.0,0.0,0.0,1.0,0.0,1.0,0.0,0.0,1.0,0.0,0.0,1.0,1.0,0.0,1.0,1.0,1.0,1.0
34,-0.586396049095575,0.24643711951158404,-0.5054976913653286,-0.6257786477574638,-1.2545531275025126,-0.4567438314745458,1.1955746738186372,0.7672916826050644,-0.14439598611606974,-0.55443033476619,-1.0390887466831842,1.0514969079918188,-0.9286815448050668,0.3320503251575543,0.8928311370441505,0.0,1.0,1.0,0.0,1.0,0.0,1.0,0.0,0.0,0.0,1.0,0.0,0.0,1.0,0.0,0.0,1.0,0.0,0.0,1.0,1.0,0.0,0.0,1.0,1.0,0.0
263,0.20211948926272919,0.24643711951158404,0.4232073695151592,-0.6257786477574638,1.1408474059766056,-0.4567438314745458,-1.0667103377184253,-1.1959809627649785,-0.14439598611606974,-0.55443033476619,-1.0390887466831842,0.3415118162708471,-0.21656466016929576,-0.290667198580055,-0.44050836818246397,0.0,0.0,1.0,0.0,1.0,0.0,1.0,0.0,0.0,0.0,1.0,0.0,0.0,1.0,0.0,0.0,1.0,0.0,0.0,0.0,0.0,1.0,0.0,1.0,0.0,0.0
91,-1.374911587453879,1.1735100929123046,0.4232073695151592,-0.6257786477574638,-1.2545531275025126,-0.4567438314745458,0.06443216805010606,1.7489280052900857,1.6449817241850302,-0.55443033476619,0.5060973425021627,-1.7884434588920681,-0.21656466016929576,1.5774853726327729,1.6928348401801192,0.0,0.0,1.0,0.0,1.0,0.0,0.0,1.0,0.0,0.0,1.0,0.0,0.0,0.0,0.0,1.0,1.0,0.0,0.0,0.0,1.0,1.0,1.0,1.0,1.0,0.0
339,0.20211948926272919,0.24643711951158404,-0.5054976913653286,-0.6257786477574638,-0.056852860762953525,-0.4567438314745458,0.06443216805010606,-0.21434464007995704,-0.14439598611606974,0.55443033476619,0.5060973425021627,-1.0784583671710963,-0.21656466016929576,-0.6020259604488597,-0.1738404671371411,0.0,0.0,0.0,0.0,0.0,0.0,1.0,0.0,0.0,0.0,1.0,0.0,0.0,1.0,0.0,0.0,1.0,0.0,0.0,1.0,1.0,0.0,1.0,1.0,1.0,0.0
52,-1.374911587453879,1.1735100929123046,-0.5054976913653286,0.8282364455613489,-1.2545531275025126,0.9048698548080624,1.1955746738186372,1.7489280052900857,1.6449817241850302,1.6632910042985698,1.278690387094836,1.0514969079918188,0.13949378214858976,0.02069156328874965,0.09282743390818181,0.0,1.0,1.0,1.0,0.0,1.0,0.0,0.0,0.0,1.0,0.0,0.0,0.0,0.0,1.0,0.0,0.0,0.0,0.0,0.0,0.0,0.0,1.0,1.0,0.0,0.0
264,0.9906350276210333,-0.6806358538891365,-0.5054976913653286,-0.6257786477574638,1.1408474059766056,-0.4567438314745458,0.06443216805010606,-0.21434464007995704,-0.14439598611606974,-0.55443033476619,-1.0390887466831842,-0.36847327545012465,-0.9286815448050668,-0.6020259604488597,-0.1738404671371411,0.0,0.0,1.0,0.0,1.0,0.0,0.0,0.0,0.0,0.0,0.0,1.0,0.0,1.0,0.0,0.0,1.0,0.0,0.0,1.0,1.0,1.0,1.0,1.0,1.0,1.0
241,0.20211948926272919,1.1735100929123046,1.351912430395647,0.8282364455613489,-0.056852860762953525,-0.4567438314745458,-1.0667103377184253,-0.21434464007995704,-0.14439598611606974,0.55443033476619,0.5060973425021627,0.3415118162708471,-0.5726231024871813,-0.290667198580055,0.09282743390818181,0.0,1.0,0.0,1.0,0.0,0.0,0.0,0.0,1.0,0.0,1.0,0.0,0.0,0.0,0.0,0.0,1.0,0.0,0.0,1.0,1.0,0.0,1.0,1.0,1.0,0.0
13,-1.374911587453879,1.1735100929123046,0.4232073695151592,0.8282364455613489,-0.056852860762953525,-0.4567438314745458,1.1955746738186372,0.7672916826050644,-0.14439598611606974,-0.55443033476619,-0.2664957020905108,-0.36847327545012465,-0.5726231024871813,-0.290667198580055,-0.1738404671371411,0.0,1.0,1.0,0.0,1.0,0.0,0.0,0.0,1.0,0.0,1.0,0.0,0.0,0.0,0.0,0.0,1.0,0.0,0.0,1.0,1.0,0.0,1.0,1.0,1.0,0.0
315,1.7791505659793374,-0.6806358538891365,0.4232073695151592,-0.6257786477574638,1.1408474059766056,0.9048698548080624,0.06443216805010606,-2.1776172854499998,-1.0390848412666196,-0.55443033476619,-1.0390887466831842,-0.36847327545012465,2.3292532024035775,0.643409087026359,0.09282743390818181,0.0,0.0,0.0,0.0,1.0,0.0,1.0,0.0,0.0,0.0,1.0,0.0,0.0,0.0,0.0,1.0,0.0,1.0,0.0,0.0,0.0,0.0,1.0,1.0,1.0,1.0
88,-0.586396049095575,-0.6806358538891365,-0.5054976913653286,0.8282364455613489,-0.056852860762953525,0.9048698548080624,0.06443216805010606,0.7672916826050644,-1.0390848412666196,-0.55443033476619,-1.0390887466831842,-0.36847327545012465,1.2076691091022465,0.02069156328874965,-0.1738404671371411,0.0,1.0,1.0,0.0,1.0,0.0,0.0,1.0,0.0,0.0,1.0,0.0,0.0,0.0,0.0,1.0,0.0,0.0,0.0,0.0,1.0,1.0,0.0,1.0,1.0,0.0
273,0.20211948926272919,-1.607708827289857,-0.5054976913653286,-0.6257786477574638,-0.056852860762953525,-0.4567438314745458,-1.0667103377184253,1.7489280052900857,-1.0390848412666196,0.55443033476619,-0.2664957020905108,-1.7884434588920681,-0.5726231024871813,1.2661266107639684,0.8928311370441505,0.0,1.0,0.0,0.0,1.0,0.0,0.0,0.0,0.0,0.0,0.0,0.0,0.0,1.0,0.0,0.0,1.0,0.0,0.0,1.0,1.0,1.0,0.0,1.0,0.0,1.0
166,-0.586396049095575,-0.6806358538891365,-0.5054976913653286,-0.6257786477574638,-0.056852860762953525,-0.4567438314745458,0.06443216805010606,-0.21434464007995704,1.6449817241850302,0.55443033476619,1.278690387094836,0.3415118162708471,-0.21656466016929576,-0.290667198580055,-0.1738404671371411,0.0,1.0,1.0,0.0,1.0,0.0,1.0,0.0,0.0,0.0,1.0,0.0,0.0,0.0,0.0,0.0,0.0,0.0,0.0,0.0,0.0,0.0,1.0,0.0,1.0,0.0
328,0.20211948926272919,1.1735100929123046,1.351912430395647,-0.6257786477574638,1.1408474059766056,-0.4567438314745458,1.1955746738186372,0.7672916826050644,0.7502928690344802,-0.55443033476619,0.5060973425021627,0.3415118162708471,0.3175230033075325,-0.290667198580055,-0.44050836818246397,0.0,0.0,1.0,0.0,1.0,0.0,0.0,0.0,1.0,0.0,0.0,1.0,0.0,0.0,0.0,0.0,1.0,0.0,0.0,1.0,1.0,1.0,1.0,1.0,1.0,0.0
388,0.9906350276210333,0.24643711951158404,-1.4342027522458163,-0.6257786477574638,-0.056852860762953525,-0.4567438314745458,0.06443216805010606,-0.21434464007995704,0.7502928690344802,-0.55443033476619,-1.0390887466831842,-1.7884434588920681,-0.9286815448050668,-1.224743484186469,-0.44050836818246397,1.0,0.0,1.0,1.0,1.0,0.0,0.0,0.0,1.0,0.0,0.0,1.0,0.0,0.0,0.0,0.0,1.0,0.0,0.0,1.0,1.0,0.0,1.0,1.0,1.0,0.0
134,-1.374911587453879,0.24643711951158404,1.351912430395647,3.736266632198974,-0.056852860762953525,-0.4567438314745458,1.1955746738186372,-0.21434464007995704,-0.14439598611606974,-0.55443033476619,-1.0390887466831842,1.0514969079918188,-0.9286815448050668,-0.6020259604488597,-2.84051947759037,0.0,1.0,0.0,0.0,1.0,0.0,0.0,0.0,0.0,0.0,0.0,0.0,1.0,0.0,0.0,0.0,1.0,0.0,0.0,1.0,0.0,0.0,1.0,1.0,0.0,1.0
306,2.5676661043376416,0.24643711951158404,-0.5054976913653286,-0.6257786477574638,-1.2545531275025126,-0.4567438314745458,1.1955746738186372,1.7489280052900857,-0.14439598611606974,-0.55443033476619,-1.0390887466831842,1.0514969079918188,-0.9286815448050668,1.8888441345015776,1.959502741225442,0.0,1.0,1.0,0.0,0.0,0.0,0.0,1.0,0.0,0.0,1.0,0.0,0.0,0.0,0.0,0.0,0.0,1.0,0.0,0.0,0.0,1.0,1.0,1.0,0.0,0.0
378,0.9906350276210333,0.24643711951158404,0.4232073695151592,-0.6257786477574638,-0.056852860762953525,-0.4567438314745458,0.06443216805010606,-2.1776172854499998,-0.14439598611606974,-0.55443033476619,-0.2664957020905108,-1.7884434588920681,-0.9286815448050668,1.2661266107639684,1.1594990380894734,1.0,0.0,1.0,0.0,1.0,0.0,1.0,0.0,0.0,0.0,1.0,0.0,0.0,1.0,0.0,0.0,1.0,0.0,0.0,0.0,1.0,0.0,1.0,1.0,1.0,1.0
319,0.9906350276210333,1.1735100929123046,1.351912430395647,-0.6257786477574638,-0.056852860762953525,-0.4567438314745458,0.06443216805010606,0.7672916826050644,0.7502928690344802,1.6632910042985698,0.5060973425021627,1.0514969079918188,-0.5726231024871813,0.02069156328874965,0.09282743390818181,0.0,0.0,1.0,0.0,1.0,0.0,0.0,0.0,1.0,0.0,1.0,0.0,0.0,0.0,0.0,0.0,1.0,0.0,0.0,1.0,1.0,0.0,1.0,1.0,1.0,0.0
243,-0.586396049095575,1.1735100929123046,1.351912430395647,-0.6257786477574638,-1.2545531275025126,-0.4567438314745458,1.1955746738186372,-0.21434464007995704,-1.0390848412666196,-0.55443033476619,-0.2664957020905108,1.0514969079918188,-0.9286815448050668,0.643409087026359,0.3594953349535047,0.0,1.0,1.0,0.0,1.0,0.0,0.0,1.0,0.0,0.0,0.0,1.0,0.0,0.0,0.0,0.0,1.0,0.0,0.0,0.0,0.0,1.0,1.0,1.0,1.0,0.0
54,-1.374911587453879,0.24643711951158404,0.4232073695151592,-0.6257786477574638,-1.2545531275025126,-0.4567438314745458,1.1955746738186372,-0.21434464007995704,0.7502928690344802,2.7721516738309497,1.278690387094836,-1.7884434588920681,0.13949378214858976,-0.290667198580055,0.6261632359988276,0.0,0.0,1.0,1.0,0.0,0.0,1.0,0.0,0.0,0.0,1.0,0.0,0.0,0.0,1.0,0.0,1.0,0.0,0.0,0.0,1.0,0.0,1.0,1.0,1.0,0.0
50,-0.586396049095575,-0.6806358538891365,-0.5054976913653286,2.2822515388801614,-0.056852860762953525,-0.4567438314745458,0.06443216805010606,-0.21434464007995704,-0.14439598611606974,0.55443033476619,0.5060973425021627,0.3415118162708471,-0.5726231024871813,0.3320503251575543,0.6261632359988276,0.0,0.0,1.0,1.0,1.0,0.0,0.0,1.0,0.0,0.0,0.0,1.0,0.0,0.0,0.0,0.0,1.0,0.0,0.0,1.0,1.0,0.0,1.0,1.0,1.0,0.0
174,-0.586396049095575,0.24643711951158404,0.4232073695151592,0.8282364455613489,-0.056852860762953525,-0.4567438314745458,0.06443216805010606,0.7672916826050644,1.6449817241850302,-0.55443033476619,-1.0390887466831842,0.3415118162708471,-0.21656466016929576,-0.290667198580055,0.09282743390818181,0.0,0.0,1.0,1.0,1.0,0.0,1.0,0.0,0.0,0.0,1.0,0.0,0.0,0.0,0.0,1.0,1.0,0.0,0.0,1.0,1.0,1.0,1.0,1.0,1.0,0.0
189,0.20211948926272919,-1.607708827289857,-0.5054976913653286,-0.6257786477574638,-0.056852860762953525,-0.4567438314745458,-1.0667103377184253,-2.1776172854499998,-0.14439598611606974,-0.55443033476619,2.0512834316875095,-0.36847327545012465,-0.21656466016929576,-0.9133847223176643,-0.44050836818246397,0.0,1.0,0.0,0.0,1.0,0.0,0.0,0.0,0.0,0.0,1.0,0.0,0.0,1.0,0.0,0.0,1.0,0.0,0.0,0.0,0.0,0.0,1.0,1.0,0.0,0.0
392,3.3561816426959457,-1.607708827289857,-1.4342027522458163,-0.6257786477574638,-1.2545531275025126,3.6280972273732788,1.1955746738186372,1.7489280052900857,-0.14439598611606974,1.6632910042985698,0.5060973425021627,-0.36847327545012465,-0.3945938813282385,-0.290667198580055,-0.7071762692277869,1.0,1.0,0.0,0.0,1.0,0.0,1.0,0.0,0.0,0.0,1.0,0.0,0.0,0.0,0.0,0.0,0.0,1.0,0.0,0.0,0.0,0.0,0.0,1.0,0.0,0.0
187,-0.586396049095575,-0.6806358538891365,-1.4342027522458163,-0.6257786477574638,-0.056852860762953525,-0.4567438314745458,0.06443216805010606,-1.1959809627649785,-0.14439598611606974,-0.55443033476619,-0.2664957020905108,1.0514969079918188,-0.9286815448050668,1.2661266107639684,1.1594990380894734,0.0,1.0,1.0,1.0,1.0,0.0,1.0,0.0,0.0,0.0,1.0,0.0,0.0,0.0,0.0,0.0,1.0,0.0,0.0,0.0,1.0,1.0,1.0,1.0,1.0,1.0
169,-0.586396049095575,1.1735100929123046,1.351912430395647,-0.6257786477574638,-0.056852860762953525,-0.4567438314745458,0.06443216805010606,0.7672916826050644,-1.0390848412666196,-0.55443033476619,-1.0390887466831842,-0.36847327545012465,-0.9286815448050668,0.9547678488951636,0.8928311370441505,0.0,0.0,1.0,0.0,1.0,1.0,0.0,0.0,0.0,1.0,0.0,0.0,0.0,0.0,0.0,1.0,1.0,0.0,0.0,1.0,1.0,0.0,1.0,1.0,1.0,1.0
58,-1.374911587453879,-1.607708827289857,-0.5054976913653286,-0.6257786477574638,-0.056852860762953525,-0.4567438314745458,0.06443216805010606,-0.21434464007995704,-1.0390848412666196,-0.55443033476619,-1.0390887466831842,1.0514969079918188,-0.5726231024871813,-0.6020259604488597,-0.1738404671371411,0.0,1.0,1.0,1.0,1.0,0.0,1.0,0.0,0.0,0.0,0.0,0.0,0.0,1.0,0.0,0.0,0.0,0.0,1.0,1.0,0.0,1.0,1.0,1.0,1.0,0.0
48,-1.374911587453879,1.1735100929123046,-0.5054976913653286,-0.6257786477574638,-0.056852860762953525,-0.4567438314745458,0.06443216805010606,-0.21434464007995704,-0.14439598611606974,0.55443033476619,-0.2664957020905108,1.0514969079918188,-0.5726231024871813,1.2661266107639684,1.1594990380894734,0.0,1.0,1.0,0.0,1.0,0.0,0.0,0.0,1.0,0.0,1.0,0.0,0.0,1.0,0.0,0.0,1.0,0.0,0.0,1.0,1.0,0.0,1.0,1.0,0.0,0.0
344,0.9906350276210333,-0.6806358538891365,0.4232073695151592,-0.6257786477574638,1.1408474059766056,-0.4567438314745458,0.06443216805010606,-0.21434464007995704,-0.14439598611606974,-0.55443033476619,-0.2664957020905108,-0.36847327545012465,-0.21656466016929576,0.02069156328874965,-0.1738404671371411,0.0,0.0,1.0,0.0,1.0,0.0,0.0,0.0,0.0,0.0,1.0,0.0,0.0,0.0,0.0,0.0,1.0,0.0,0.0,1.0,0.0,0.0,1.0,1.0,1.0,0.0
235,-0.586396049095575,0.24643711951158404,-0.5054976913653286,0.8282364455613489,1.1408474059766056,-0.4567438314745458,1.1955746738186372,-0.21434464007995704,-0.14439598611606974,-0.55443033476619,0.5060973425021627,-1.0784583671710963,0.8516106667843608,0.02069156328874965,-0.44050836818246397,0.0,1.0,1.0,0.0,1.0,0.0,0.0,0.0,0.0,0.0,1.0,0.0,0.0,0.0,0.0,1.0,1.0,0.0,0.0,0.0,0.0,1.0,1.0,1.0,1.0,1.0
252,0.9906350276210333,-0.6806358538891365,-1.4342027522458163,-0.6257786477574638,-1.2545531275025126,0.9048698548080624,-1.0667103377184253,-1.1959809627649785,1.6449817241850302,0.55443033476619,2.0512834316875095,1.0514969079918188,-0.21656466016929576,-1.5361022460552736,-0.44050836818246397,0.0,1.0,1.0,0.0,1.0,0.0,0.0,1.0,0.0,0.0,0.0,1.0,0.0,0.0,1.0,0.0,1.0,0.0,0.0,0.0,0.0,0.0,0.0,0.0,1.0,0.0
21,-1.374911587453879,1.1735100929123046,1.351912430395647,-0.6257786477574638,-1.2545531275025126,-0.4567438314745458,1.1955746738186372,0.7672916826050644,-1.0390848412666196,-0.55443033476619,-1.0390887466831842,1.0514969079918188,-0.9286815448050668,0.3320503251575543,1.1594990380894734,0.0,1.0,1.0,0.0,1.0,1.0,0.0,0.0,0.0,1.0,0.0,0.0,0.0,0.0,1.0,0.0,0.0,0.0,0.0,1.0,1.0,0.0,1.0,1.0,1.0,0.0
313,1.7791505659793374,0.24643711951158404,-0.5054976913653286,0.8282364455613489,-0.056852860762953525,0.9048698548080624,0.06443216805010606,-1.1959809627649785,-1.0390848412666196,-0.55443033476619,-0.2664957020905108,-1.7884434588920681,2.3292532024035775,0.643409087026359,-0.1738404671371411,0.0,0.0,1.0,1.0,1.0,0.0,0.0,1.0,0.0,0.0,1.0,0.0,0.0,0.0,0.0,1.0,0.0,1.0,0.0,1.0,1.0,0.0,0.0,1.0,1.0,1.0
160,0.20211948926272919,-0.6806358538891365,-1.4342027522458163,0.8282364455613489,-1.2545531275025126,2.2664835410906705,-1.0667103377184253,-0.21434464007995704,-1.0390848412666196,0.55443033476619,-0.2664957020905108,1.0514969079918188,-0.9286815448050668,-1.224743484186469,-1.2405120713184326,0.0,1.0,0.0,1.0,1.0,0.0,0.0,0.0,0.0,0.0,1.0,0.0,0.0,0.0,0.0,0.0,1.0,0.0,0.0,0.0,0.0,1.0,1.0,0.0,1.0,1.0
276,0.9906350276210333,0.24643711951158404,-0.5054976913653286,0.8282364455613489,-0.056852860762953525,-0.4567438314745458,0.06443216805010606,-2.1776172854499998,-1.9337736964171697,-0.55443033476619,-1.0390887466831842,1.0514969079918188,2.3292532024035775,-0.290667198580055,-0.44050836818246397,0.0,0.0,0.0,0.0,0.0,0.0,1.0,0.0,0.0,0.0,0.0,1.0,0.0,1.0,0.0,0.0,1.0,0.0,0.0,0.0,0.0,0.0,0.0,0.0,1.0,1.0
191,0.20211948926272919,-1.607708827289857,-1.4342027522458163,-0.6257786477574638,-0.056852860762953525,-0.4567438314745458,1.1955746738186372,-0.21434464007995704,-0.14439598611606974,-0.55443033476619,-1.0390887466831842,-0.36847327545012465,-0.9286815448050668,-0.9133847223176643,-0.7071762692277869,0.0,0.0,1.0,0.0,1.0,0.0,0.0,0.0,0.0,0.0,0.0,1.0,0.0,0.0,0.0,0.0,1.0,0.0,0.0,0.0,0.0,1.0,1.0,1.0,1.0,0.0
293,0.20211948926272919,0.24643711951158404,-1.4342027522458163,0.8282364455613489,2.3385476727161647,-0.4567438314745458,-1.0667103377184253,-2.1776172854499998,-1.0390848412666196,-0.55443033476619,-1.0390887466831842,-0.36847327545012465,0.13949378214858976,2.2002028963703824,1.959502741225442,0.0,0.0,0.0,1.0,1.0,0.0,0.0,1.0,0.0,0.0,1.0,0.0,0.0,0.0,0.0,1.0,1.0,0.0,0.0,1.0,1.0,0.0,1.0,1.0,0.0,0.0
343,0.20211948926272919,-0.6806358538891365,-0.5054976913653286,-0.6257786477574638,-0.056852860762953525,0.9048698548080624,-1.0667103377184253,-0.21434464007995704,-1.9337736964171697,-0.55443033476619,-0.2664957020905108,0.3415118162708471,-0.9286815448050668,-0.6020259604488597,-0.7071762692277869,0.0,0.0,1.0,0.0,0.0,0.0,0.0,0.0,0.0,0.0,0.0,0.0,0.0,1.0,0.0,0.0,0.0,0.0,0.0,1.0,0.0,0.0,1.0,1.0,1.0,1.0
257,1.7791505659793374,1.1735100929123046,0.4232073695151592,-0.6257786477574638,-0.056852860762953525,-0.4567438314745458,0.06443216805010606,-0.21434464007995704,-1.9337736964171697,-0.55443033476619,-1.0390887466831842,-1.7884434588920681,1.2076691091022465,0.02069156328874965,0.09282743390818181,0.0,1.0,1.0,1.0,0.0,0.0,0.0,1.0,0.0,0.0,0.0,0.0,0.0,0.0,0.0,1.0,1.0,0.0,0.0,1.0,0.0,0.0,1.0,1.0,1.0,0.0
308,1.7791505659793374,0.24643711951158404,0.4232073695151592,-0.6257786477574638,-0.056852860762953525,0.9048698548080624,0.06443216805010606,1.7489280052900857,-0.14439598611606974,-0.55443033476619,-0.2664957020905108,1.0514969079918188,-0.9286815448050668,1.2661266107639684,0.3594953349535047,0.0,1.0,0.0,0.0,1.0,0.0,1.0,0.0,0.0,0.0,0.0,1.0,0.0,0.0,0.0,1.0,0.0,0.0,0.0,0.0,0.0,1.0,1.0,1.0,0.0,1.0
149,-1.374911587453879,-0.6806358538891365,-1.4342027522458163,3.736266632198974,-1.2545531275025126,3.6280972273732788,0.06443216805010606,1.7489280052900857,1.6449817241850302,0.55443033476619,2.0512834316875095,1.0514969079918188,-0.9286815448050668,-0.9133847223176643,-0.44050836818246397,0.0,1.0,1.0,1.0,0.0,0.0,0.0,1.0,0.0,0.0,1.0,0.0,0.0,0.0,0.0,0.0,1.0,0.0,0.0,0.0,0.0,0.0,1.0,1.0,1.0,0.0
130,-1.374911587453879,0.24643711951158404,1.351912430395647,0.8282364455613489,1.1408474059766056,2.2664835410906705,0.06443216805010606,-1.1959809627649785,-1.0390848412666196,0.55443033476619,-0.2664957020905108,1.0514969079918188,-0.9286815448050668,0.3320503251575543,-2.84051947759037,0.0,0.0,0.0,0.0,1.0,0.0,0.0,1.0,0.0,0.0,0.0,0.0,1.0,0.0,0.0,0.0,0.0,0.0,0.0,1.0,0.0,0.0,1.0,1.0,1.0,1.0
151,-0.586396049095575,-0.6806358538891365,-1.4342027522458163,-0.6257786477574638,-1.2545531275025126,0.9048698548080624,0.06443216805010606,0.7672916826050644,0.7502928690344802,1.6632910042985698,2.0512834316875095,1.0514969079918188,0.13949378214858976,0.3320503251575543,0.6261632359988276,0.0,1.0,1.0,1.0,1.0,0.0,0.0,0.0,0.0,0.0,1.0,0.0,0.0,0.0,0.0,0.0,1.0,0.0,0.0,0.0,0.0,1.0,1.0,1.0,0.0,1.0
359,0.9906350276210333,-1.607708827289857,-1.4342027522458163,0.8282364455613489,1.1408474059766056,-0.4567438314745458,1.1955746738186372,-0.21434464007995704,-1.0390848412666196,-0.55443033476619,-1.0390887466831842,0.3415118162708471,-0.9286815448050668,2.2002028963703824,1.4261669391347962,1.0,0.0,1.0,1.0,1.0,0.0,0.0,0.0,0.0,0.0,0.0,1.0,0.0,0.0,0.0,0.0,0.0,0.0,0.0,0.0,0.0,0.0,1.0,1.0,1.0,0.0
99,-0.586396049095575,1.1735100929123046,0.4232073695151592,-0.6257786477574638,1.1408474059766056,-0.4567438314745458,1.1955746738186372,-0.21434464007995704,1.6449817241850302,-0.55443033476619,-1.0390887466831842,-0.36847327545012465,-0.9286815448050668,-1.224743484186469,-0.44050836818246397,0.0,0.0,1.0,0.0,1.0,0.0,1.0,0.0,0.0,0.0,0.0,0.0,0.0,0.0,0.0,0.0,1.0,0.0,1.0,1.0,1.0,0.0,1.0,1.0,1.0,0.0
372,0.20211948926272919,-0.6806358538891365,-0.5054976913653286,-0.6257786477574638,1.1408474059766056,-0.4567438314745458,-1.0667103377184253,0.7672916826050644,-0.14439598611606974,-0.55443033476619,-1.0390887466831842,-0.36847327545012465,0.4955522244664753,0.643409087026359,0.09282743390818181,1.0,0.0,1.0,0.0,1.0,0.0,1.0,0.0,0.0,0.0,0.0,0.0,0.0,1.0,0.0,0.0,1.0,0.0,0.0,0.0,0.0,1.0,1.0,1.0,0.0,1.0
87,-1.374911587453879,1.1735100929123046,-0.5054976913653286,-0.6257786477574638,1.1408474059766056,-0.4567438314745458,1.1955746738186372,-0.21434464007995704,-0.14439598611606974,-0.55443033476619,0.5060973425021627,-1.7884434588920681,-0.21656466016929576,0.643409087026359,0.8928311370441505,0.0,0.0,1.0,0.0,1.0,0.0,1.0,0.0,0.0,0.0,1.0,0.0,0.0,0.0,0.0,1.0,1.0,0.0,0.0,1.0,0.0,1.0,1.0,1.0,1.0,0.0
330,0.9906350276210333,-0.6806358538891365,-0.5054976913653286,-0.6257786477574638,2.3385476727161647,-0.4567438314745458,0.06443216805010606,1.7489280052900857,1.6449817241850302,0.55443033476619,1.278690387094836,1.0514969079918188,-0.5726231024871813,-0.6020259604488597,-0.7071762692277869,0.0,1.0,1.0,1.0,1.0,0.0,1.0,0.0,0.0,0.0,1.0,0.0,0.0,0.0,0.0,0.0,1.0,0.0,0.0,1.0,0.0,1.0,1.0,1.0,1.0,0.0
214,0.20211948926272919,1.1735100929123046,1.351912430395647,-0.6257786477574638,-1.2545531275025126,-0.4567438314745458,1.1955746738186372,-1.1959809627649785,-1.9337736964171697,-0.55443033476619,-0.2664957020905108,-0.36847327545012465,1.2076691091022465,-0.9133847223176643,-0.1738404671371411,0.0,0.0,0.0,1.0,1.0,0.0,0.0,1.0,0.0,0.0,1.0,0.0,0.0,0.0,1.0,0.0,1.0,0.0,0.0,1.0,1.0,0.0,1.0,1.0,0.0,0.0
121,-1.374911587453879,-0.6806358538891365,-0.5054976913653286,-0.6257786477574638,2.3385476727161647,-0.4567438314745458,1.1955746738186372,1.7489280052900857,0.7502928690344802,-0.55443033476619,-0.2664957020905108,1.0514969079918188,0.13949378214858976,1.5774853726327729,0.8928311370441505,0.0,1.0,1.0,0.0,1.0,0.0,0.0,1.0,0.0,0.0,0.0,1.0,0.0,1.0,0.0,0.0,0.0,0.0,0.0,1.0,1.0,1.0,1.0,1.0,1.0,0.0
394,1.7791505659793374,-1.607708827289857,-1.4342027522458163,-0.6257786477574638,-1.2545531275025126,-0.4567438314745458,-1.0667103377184253,-1.1959809627649785,-0.14439598611606974,1.6632910042985698,0.5060973425021627,1.0514969079918188,-0.03853543901035301,-0.9133847223176643,-0.44050836818246397,1.0,1.0,1.0,1.0,1.0,0.0,1.0,0.0,0.0,0.0,0.0,0.0,0.0,0.0,0.0,0.0,0.0,0.0,0.0,0.0,0.0,0.0,1.0,1.0,1.0,0.0
20,-1.374911587453879,1.1735100929123046,0.4232073695151592,-0.6257786477574638,-0.056852860762953525,-0.4567438314745458,0.06443216805010606,0.7672916826050644,-1.9337736964171697,-0.55443033476619,-1.0390887466831842,-1.7884434588920681,-0.9286815448050668,0.643409087026359,0.8928311370441505,0.0,1.0,1.0,0.0,1.0,0.0,0.0,0.0,1.0,0.0,1.0,0.0,0.0,0.0,0.0,1.0,1.0,0.0,0.0,0.0,0.0,0.0,1.0,1.0,1.0,0.0
188,0.20211948926272919,0.24643711951158404,0.4232073695151592,-0.6257786477574638,-0.056852860762953525,-0.4567438314745458,-1.0667103377184253,-0.21434464007995704,-0.14439598611606974,-0.55443033476619,0.5060973425021627,-0.36847327545012465,0.13949378214858976,-0.9133847223176643,-0.9738441702731098,0.0,0.0,1.0,0.0,0.0,1.0,0.0,0.0,0.0,0.0,1.0,0.0,0.0,0.0,0.0,1.0,1.0,0.0,0.0,1.0,0.0,0.0,0.0,1.0,1.0,1.0
71,-1.374911587453879,1.1735100929123046,-0.5054976913653286,-0.6257786477574638,2.3385476727161647,-0.4567438314745458,-1.0667103377184253,-0.21434464007995704,-0.14439598611606974,-0.55443033476619,-1.0390887466831842,-0.36847327545012465,-0.9286815448050668,-0.290667198580055,-0.1738404671371411,0.0,1.0,1.0,0.0,1.0,0.0,1.0,0.0,0.0,0.0,1.0,0.0,0.0,0.0,0.0,0.0,1.0,0.0,0.0,0.0,0.0,0.0,1.0,1.0,1.0,0.0
106,-1.374911587453879,-0.6806358538891365,-0.5054976913653286,-0.6257786477574638,2.3385476727161647,-0.4567438314745458,1.1955746738186372,-2.1776172854499998,-1.0390848412666196,-0.55443033476619,-1.0390887466831842,-0.36847327545012465,0.4955522244664753,-1.224743484186469,-0.7071762692277869,0.0,0.0,1.0,0.0,1.0,0.0,1.0,0.0,0.0,0.0,1.0,0.0,0.0,0.0,0.0,0.0,1.0,0.0,1.0,1.0,1.0,0.0,1.0,1.0,1.0,0.0
270,1.7791505659793374,0.24643711951158404,0.4232073695151592,-0.6257786477574638,-0.056852860762953525,2.2664835410906705,0.06443216805010606,-0.21434464007995704,1.6449817241850302,1.6632910042985698,0.5060973425021627,1.0514969079918188,1.7417567725790746,-0.6020259604488597,-0.44050836818246397,0.0,0.0,1.0,0.0,1.0,0.0,1.0,0.0,0.0,0.0,0.0,1.0,0.0,1.0,0.0,0.0,0.0,1.0,0.0,1.0,1.0,1.0,1.0,1.0,1.0,0.0
348,0.20211948926272919,1.1735100929123046,0.4232073695151592,-0.6257786477574638,1.1408474059766056,-0.4567438314745458,0.06443216805010606,0.7672916826050644,-0.14439598611606974,-0.55443033476619,0.5060973425021627,0.3415118162708471,-0.9286815448050668,0.643409087026359,1.1594990380894734,0.0,0.0,1.0,0.0,1.0,1.0,0.0,0.0,0.0,0.0,1.0,0.0,0.0,0.0,0.0,1.0,1.0,0.0,0.0,1.0,1.0,1.0,1.0,1.0,1.0,1.0
102,-1.374911587453879,1.1735100929123046,1.351912430395647,-0.6257786477574638,-1.2545531275025126,-0.4567438314745458,1.1955746738186372,-0.21434464007995704,-0.14439598611606974,-0.55443033476619,-1.0390887466831842,1.0514969079918188,-0.21656466016929576,-0.290667198580055,0.6261632359988276,0.0,1.0,1.0,0.0,1.0,0.0,0.0,1.0,0.0,0.0,1.0,0.0,0.0,0.0,0.0,0.0,1.0,0.0,0.0,1.0,0.0,1.0,0.0,1.0,1.0,0.0
